"VarName";"TimeString";"VarValue";"Validity";"Time_ms"
"Tlm_Bil21_Eu";"25/09/2026 15:02:16";-0,1;1;46290626579,5255
"Tlm_Dos8_Eu";"25/09/2026 15:02:16";3853,4;1;46290626579,5255
"HMI<->PLC_Real{0}";"25/09/2026 15:02:16";1247;1;46290626579,5255
"Tlm_Bil21_Eu";"25/09/2026 15:02:17";36,1;1;46290626591,1343
"Tlm_Dos8_Eu";"25/09/2026 15:02:17";3999,2;1;46290626591,1343
"HMI<->PLC_Real{0}";"25/09/2026 15:02:17";1247;1;46290626591,1343
"Tlm_Bil21_Eu";"25/09/2026 15:02:18";88,2;1;46290626602,7315
"Tlm_Dos8_Eu";"25/09/2026 15:02:18";3748,8;1;46290626602,7315
"HMI<->PLC_Real{0}";"25/09/2026 15:02:18";1247;1;46290626602,7315
"Tlm_Bil21_Eu";"25/09/2026 15:02:19";134,7;1;46290626614,3403
"Tlm_Dos8_Eu";"25/09/2026 15:02:19";3688,4;1;46290626614,3403
"HMI<->PLC_Real{0}";"25/09/2026 15:02:19";1247;1;46290626614,3403
"Tlm_Bil21_Eu";"25/09/2026 15:02:20";194,4;1;46290626625,9606
"Tlm_Dos8_Eu";"25/09/2026 15:02:20";3645,6;1;46290626625,9606
"HMI<->PLC_Real{0}";"25/09/2026 15:02:20";1247;1;46290626625,9606
"Tlm_Bil21_Eu";"25/09/2026 15:02:21";255,5;1;46290626637,5926
"Tlm_Dos8_Eu";"25/09/2026 15:02:21";3653,2;1;46290626637,5926
"HMI<->PLC_Real{0}";"25/09/2026 15:02:21";1247;1;46290626637,5926
"Tlm_Bil21_Eu";"25/09/2026 15:02:22";344,6;1;46290626649,213
"Tlm_Dos8_Eu";"25/09/2026 15:02:22";3563,5;1;46290626649,213
"HMI<->PLC_Real{0}";"25/09/2026 15:02:22";1247;1;46290626649,213
"Tlm_Bil21_Eu";"25/09/2026 15:02:23";424,8;1;46290626660,8449
"Tlm_Dos8_Eu";"25/09/2026 15:02:23";3419,8;1;46290626660,8449
"HMI<->PLC_Real{0}";"25/09/2026 15:02:23";1247;1;46290626660,8449
"Tlm_Bil21_Eu";"25/09/2026 15:02:25";489,8;1;46290626672,4653
"Tlm_Dos8_Eu";"25/09/2026 15:02:25";3250,7;1;46290626672,4653
"HMI<->PLC_Real{0}";"25/09/2026 15:02:25";1247;1;46290626672,4653
"Tlm_Bil21_Eu";"25/09/2026 15:02:26";561,2;1;46290626684,1088
"Tlm_Dos8_Eu";"25/09/2026 15:02:26";3199,7;1;46290626684,1088
"HMI<->PLC_Real{0}";"25/09/2026 15:02:26";1247;1;46290626684,1088
"Tlm_Bil21_Eu";"25/09/2026 15:02:27";652,9;1;46290626695,7292
"Tlm_Dos8_Eu";"25/09/2026 15:02:27";3134,6;1;46290626695,7292
"HMI<->PLC_Real{0}";"25/09/2026 15:02:27";1247;1;46290626695,7292
"Tlm_Bil21_Eu";"25/09/2026 15:02:28";735,6;1;46290626707,3611
"Tlm_Dos8_Eu";"25/09/2026 15:02:28";3118,9;1;46290626707,3611
"HMI<->PLC_Real{0}";"25/09/2026 15:02:28";1247;1;46290626707,3611
"Tlm_Bil21_Eu";"25/09/2026 15:02:29";795,1;1;46290626718,9815
"Tlm_Dos8_Eu";"25/09/2026 15:02:29";2796,7;1;46290626718,9815
"HMI<->PLC_Real{0}";"25/09/2026 15:02:29";1247;1;46290626718,9815
"Tlm_Bil21_Eu";"25/09/2026 15:02:30";865;1;46290626730,6019
"Tlm_Dos8_Eu";"25/09/2026 15:02:30";2913,1;1;46290626730,6019
"HMI<->PLC_Real{0}";"25/09/2026 15:02:30";1247;1;46290626730,6019
"Tlm_Bil21_Eu";"25/09/2026 15:02:31";917,3;1;46290626742,1991
"Tlm_Dos8_Eu";"25/09/2026 15:02:31";2833,4;1;46290626742,1991
"HMI<->PLC_Real{0}";"25/09/2026 15:02:31";1247;1;46290626742,1991
"Tlm_Bil21_Eu";"25/09/2026 15:02:32";961,8;1;46290626753,831
"Tlm_Dos8_Eu";"25/09/2026 15:02:32";2808,3;1;46290626753,831
"HMI<->PLC_Real{0}";"25/09/2026 15:02:32";1247;1;46290626753,831
"Tlm_Bil21_Eu";"25/09/2026 15:02:33";1002,3;1;46290626765,4398
"Tlm_Dos8_Eu";"25/09/2026 15:02:33";2860,2;1;46290626765,4398
"HMI<->PLC_Real{0}";"25/09/2026 15:02:33";1247;1;46290626765,4398
"Tlm_Bil21_Eu";"25/09/2026 15:02:34";1031,6;1;46290626777,0602
"Tlm_Dos8_Eu";"25/09/2026 15:02:34";2887,9;1;46290626777,0602
"HMI<->PLC_Real{0}";"25/09/2026 15:02:34";1247;1;46290626777,0602
"Tlm_Bil21_Eu";"25/09/2026 15:02:35";1055,3;1;46290626788,6921
"Tlm_Dos8_Eu";"25/09/2026 15:02:35";2755,3;1;46290626788,6921
"HMI<->PLC_Real{0}";"25/09/2026 15:02:35";1247;1;46290626788,6921
"Tlm_Bil21_Eu";"25/09/2026 15:02:36";1089,9;1;46290626800,3009
"Tlm_Dos8_Eu";"25/09/2026 15:02:36";2713,5;1;46290626800,3009
"HMI<->PLC_Real{0}";"25/09/2026 15:02:36";1247;1;46290626800,3009
"Tlm_Bil21_Eu";"25/09/2026 15:02:37";1115,7;1;46290626811,956
"Tlm_Dos8_Eu";"25/09/2026 15:02:37";2692,5;1;46290626811,956
"HMI<->PLC_Real{0}";"25/09/2026 15:02:37";1247;1;46290626811,956
"Tlm_Bil21_Eu";"25/09/2026 15:02:38";1133,8;1;46290626823,5648
"Tlm_Dos8_Eu";"25/09/2026 15:02:38";2672,8;1;46290626823,5648
"HMI<->PLC_Real{0}";"25/09/2026 15:02:38";1247;1;46290626823,5648
"Tlm_Bil21_Eu";"25/09/2026 15:02:39";1144,1;1;46290626835,1968
"Tlm_Dos8_Eu";"25/09/2026 15:02:39";2661;1;46290626835,1968
"HMI<->PLC_Real{0}";"25/09/2026 15:02:39";1247;1;46290626835,1968
"Tlm_Bil21_Eu";"25/09/2026 15:02:40";1162,8;1;46290626846,8287
"Tlm_Dos8_Eu";"25/09/2026 15:02:40";2641,3;1;46290626846,8287
"HMI<->PLC_Real{0}";"25/09/2026 15:02:40";1247;1;46290626846,8287
"Tlm_Bil21_Eu";"25/09/2026 15:02:41";1176,2;1;46290626858,4491
"Tlm_Dos8_Eu";"25/09/2026 15:02:41";2622,2;1;46290626858,4491
"HMI<->PLC_Real{0}";"25/09/2026 15:02:41";1247;1;46290626858,4491
"Tlm_Bil21_Eu";"25/09/2026 15:02:42";1193,9;1;46290626870,081
"Tlm_Dos8_Eu";"25/09/2026 15:02:42";2607,7;1;46290626870,081
"HMI<->PLC_Real{0}";"25/09/2026 15:02:42";1247;1;46290626870,081
"Tlm_Bil21_Eu";"25/09/2026 15:02:43";1204,7;1;46290626881,713
"Tlm_Dos8_Eu";"25/09/2026 15:02:43";2598,4;1;46290626881,713
"HMI<->PLC_Real{0}";"25/09/2026 15:02:43";1247;1;46290626881,713
"Tlm_Bil21_Eu";"25/09/2026 15:02:44";1216,7;1;46290626893,3218
"Tlm_Dos8_Eu";"25/09/2026 15:02:44";2585,3;1;46290626893,3218
"HMI<->PLC_Real{0}";"25/09/2026 15:02:44";1247;1;46290626893,3218
"Tlm_Bil21_Eu";"25/09/2026 15:02:45";1228,5;1;46290626904,9306
"Tlm_Dos8_Eu";"25/09/2026 15:02:45";2573,2;1;46290626904,9306
"HMI<->PLC_Real{0}";"25/09/2026 15:02:45";1247;1;46290626904,9306
"Tlm_Bil21_Eu";"25/09/2026 15:02:46";1230,6;1;46290626916,5509
"Tlm_Dos8_Eu";"25/09/2026 15:02:46";2573,4;1;46290626916,5509
"HMI<->PLC_Real{0}";"25/09/2026 15:02:46";1247;1;46290626916,5509
"Tlm_Bil21_Eu";"25/09/2026 15:02:47";1233,8;1;46290626928,1944
"Tlm_Dos8_Eu";"25/09/2026 15:02:47";2571,3;1;46290626928,1944
"HMI<->PLC_Real{0}";"25/09/2026 15:02:47";1247;1;46290626928,1944
"Tlm_Bil21_Eu";"25/09/2026 15:02:48";1234,2;1;46290626939,7917
"Tlm_Dos8_Eu";"25/09/2026 15:02:48";2569,8;1;46290626939,7917
"HMI<->PLC_Real{0}";"25/09/2026 15:02:48";1247;1;46290626939,7917
"Tlm_Bil21_Eu";"25/09/2026 15:02:49";1235,2;1;46290626951,4005
"Tlm_Dos8_Eu";"25/09/2026 15:02:49";2568,5;1;46290626951,4005
"HMI<->PLC_Real{0}";"25/09/2026 15:02:49";1247;1;46290626951,4005
"Tlm_Bil21_Eu";"25/09/2026 15:02:50";1235,8;1;46290626963,0093
"Tlm_Dos8_Eu";"25/09/2026 15:02:50";2567,7;1;46290626963,0093
"HMI<->PLC_Real{0}";"25/09/2026 15:02:50";1247;1;46290626963,0093
"Tlm_Bil21_Eu";"25/09/2026 15:02:51";1236,8;1;46290626974,6296
"Tlm_Dos8_Eu";"25/09/2026 15:02:51";2567,5;1;46290626974,6296
"HMI<->PLC_Real{0}";"25/09/2026 15:02:51";1247;1;46290626974,6296
"Tlm_Bil21_Eu";"25/09/2026 15:02:52";1238,2;1;46290626986,2268
"Tlm_Dos8_Eu";"25/09/2026 15:02:52";2565,4;1;46290626986,2268
"HMI<->PLC_Real{0}";"25/09/2026 15:02:52";1247;1;46290626986,2268
"Tlm_Bil21_Eu";"25/09/2026 15:02:53";1243,3;1;46290626997,8472
"Tlm_Dos8_Eu";"25/09/2026 15:02:53";2573,1;1;46290626997,8472
"HMI<->PLC_Real{0}";"25/09/2026 15:02:53";1247;1;46290626997,8472
"Tlm_Bil21_Eu";"25/09/2026 15:02:54";1243;1;46290627009,4907
"Tlm_Dos8_Eu";"25/09/2026 15:02:54";2565,9;1;46290627009,4907
"HMI<->PLC_Real{0}";"25/09/2026 15:02:54";1247;1;46290627009,4907
"Bil21_Wrk_DosaggioInCorso";"25/09/2026 15:02:54";0;1;46290627013,2407
"Tlm_Bil21_Eu";"25/09/2026 15:04:10";0,1;1;46290627888,3912
"Tlm_Dos8_Eu";"25/09/2026 15:04:10";3873,2;1;46290627888,3912
"HMI<->PLC_Real{0}";"25/09/2026 15:04:10";1247;1;46290627888,3912
"Tlm_Bil21_Eu";"25/09/2026 15:04:11";6,5;1;46290627900,0116
"Tlm_Dos8_Eu";"25/09/2026 15:04:11";3849,3;1;46290627900,0116
"HMI<->PLC_Real{0}";"25/09/2026 15:04:11";1247;1;46290627900,0116
"Tlm_Bil21_Eu";"25/09/2026 15:04:12";59,8;1;46290627911,6204
"Tlm_Dos8_Eu";"25/09/2026 15:04:12";3728,8;1;46290627911,6204
"HMI<->PLC_Real{0}";"25/09/2026 15:04:12";1247;1;46290627911,6204
"Tlm_Bil21_Eu";"25/09/2026 15:04:13";121,8;1;46290627923,2523
"Tlm_Dos8_Eu";"25/09/2026 15:04:13";3687;1;46290627923,2523
"HMI<->PLC_Real{0}";"25/09/2026 15:04:13";1247;1;46290627923,2523
"Tlm_Bil21_Eu";"25/09/2026 15:04:14";177,7;1;46290627934,9074
"Tlm_Dos8_Eu";"25/09/2026 15:04:14";3666,8;1;46290627934,9074
"HMI<->PLC_Real{0}";"25/09/2026 15:04:14";1247;1;46290627934,9074
"Tlm_Bil21_Eu";"25/09/2026 15:04:15";242,9;1;46290627946,5509
"Tlm_Dos8_Eu";"25/09/2026 15:04:15";3601,2;1;46290627946,5509
"HMI<->PLC_Real{0}";"25/09/2026 15:04:15";1247;1;46290627946,5509
"Tlm_Bil21_Eu";"25/09/2026 15:04:16";309,5;1;46290627958,1829
"Tlm_Dos8_Eu";"25/09/2026 15:04:16";3534,5;1;46290627958,1829
"HMI<->PLC_Real{0}";"25/09/2026 15:04:16";1247;1;46290627958,1829
"Tlm_Bil21_Eu";"25/09/2026 15:04:17";374;1;46290627969,8032
"Tlm_Dos8_Eu";"25/09/2026 15:04:17";3445,4;1;46290627969,8032
"HMI<->PLC_Real{0}";"25/09/2026 15:04:17";1247;1;46290627969,8032
"Tlm_Bil21_Eu";"25/09/2026 15:04:18";443,8;1;46290627981,4468
"Tlm_Dos8_Eu";"25/09/2026 15:04:18";3313,5;1;46290627981,4468
"HMI<->PLC_Real{0}";"25/09/2026 15:04:18";1247;1;46290627981,4468
"Tlm_Bil21_Eu";"25/09/2026 15:04:19";498,5;1;46290627993,0903
"Tlm_Dos8_Eu";"25/09/2026 15:04:19";3268;1;46290627993,0903
"HMI<->PLC_Real{0}";"25/09/2026 15:04:19";1247;1;46290627993,0903
"Tlm_Bil21_Eu";"25/09/2026 15:04:20";567,2;1;46290628004,7338
"Tlm_Dos8_Eu";"25/09/2026 15:04:20";3251,5;1;46290628004,7338
"HMI<->PLC_Real{0}";"25/09/2026 15:04:20";1247;1;46290628004,7338
"Tlm_Bil21_Eu";"25/09/2026 15:04:21";638,1;1;46290628016,3657
"Tlm_Dos8_Eu";"25/09/2026 15:04:21";3218,2;1;46290628016,3657
"HMI<->PLC_Real{0}";"25/09/2026 15:04:21";1247;1;46290628016,3657
"Tlm_Bil21_Eu";"25/09/2026 15:04:22";705,5;1;46290628028,0093
"Tlm_Dos8_Eu";"25/09/2026 15:04:22";3128,1;1;46290628028,0093
"HMI<->PLC_Real{0}";"25/09/2026 15:04:22";1247;1;46290628028,0093
"Tlm_Bil21_Eu";"25/09/2026 15:04:23";767,7;1;46290628039,6296
"Tlm_Dos8_Eu";"25/09/2026 15:04:23";3038,7;1;46290628039,6296
"HMI<->PLC_Real{0}";"25/09/2026 15:04:23";1247;1;46290628039,6296
"Tlm_Bil21_Eu";"25/09/2026 15:04:24";856,8;1;46290628051,2731
"Tlm_Dos8_Eu";"25/09/2026 15:04:24";2907,1;1;46290628051,2731
"HMI<->PLC_Real{0}";"25/09/2026 15:04:24";1247;1;46290628051,2731
"Tlm_Bil21_Eu";"25/09/2026 15:04:25";934,7;1;46290628062,8935
"Tlm_Dos8_Eu";"25/09/2026 15:04:25";2827,7;1;46290628062,8935
"HMI<->PLC_Real{0}";"25/09/2026 15:04:25";1247;1;46290628062,8935
"Tlm_Bil21_Eu";"25/09/2026 15:04:26";1006,4;1;46290628074,5255
"Tlm_Dos8_Eu";"25/09/2026 15:04:26";2761;1;46290628074,5255
"HMI<->PLC_Real{0}";"25/09/2026 15:04:26";1247;1;46290628074,5255
"Tlm_Bil21_Eu";"25/09/2026 15:04:27";1041,8;1;46290628086,1574
"Tlm_Dos8_Eu";"25/09/2026 15:04:27";2722;1;46290628086,1574
"HMI<->PLC_Real{0}";"25/09/2026 15:04:27";1247;1;46290628086,1574
"Tlm_Bil21_Eu";"25/09/2026 15:04:28";1071,3;1;46290628097,7778
"Tlm_Dos8_Eu";"25/09/2026 15:04:28";2752,2;1;46290628097,7778
"HMI<->PLC_Real{0}";"25/09/2026 15:04:28";1247;1;46290628097,7778
"Tlm_Bil21_Eu";"25/09/2026 15:04:29";1083,8;1;46290628109,4097
"Tlm_Dos8_Eu";"25/09/2026 15:04:29";2734,8;1;46290628109,4097
"HMI<->PLC_Real{0}";"25/09/2026 15:04:29";1247;1;46290628109,4097
"Tlm_Bil21_Eu";"25/09/2026 15:04:30";1103,5;1;46290628121,0301
"Tlm_Dos8_Eu";"25/09/2026 15:04:30";2717,7;1;46290628121,0301
"HMI<->PLC_Real{0}";"25/09/2026 15:04:30";1247;1;46290628121,0301
"Tlm_Bil21_Eu";"25/09/2026 15:04:31";1115,8;1;46290628132,6736
"Tlm_Dos8_Eu";"25/09/2026 15:04:31";2701,9;1;46290628132,6736
"HMI<->PLC_Real{0}";"25/09/2026 15:04:31";1247;1;46290628132,6736
"Tlm_Bil21_Eu";"25/09/2026 15:04:32";1129,2;1;46290628144,3056
"Tlm_Dos8_Eu";"25/09/2026 15:04:32";2689,1;1;46290628144,3056
"HMI<->PLC_Real{0}";"25/09/2026 15:04:32";1247;1;46290628144,3056
"Tlm_Bil21_Eu";"25/09/2026 15:04:33";1162,6;1;46290628155,9606
"Tlm_Dos8_Eu";"25/09/2026 15:04:33";2654,3;1;46290628155,9606
"HMI<->PLC_Real{0}";"25/09/2026 15:04:33";1247;1;46290628155,9606
"Tlm_Bil21_Eu";"25/09/2026 15:04:34";1172,7;1;46290628167,5694
"Tlm_Dos8_Eu";"25/09/2026 15:04:34";2644,8;1;46290628167,5694
"HMI<->PLC_Real{0}";"25/09/2026 15:04:34";1247;1;46290628167,5694
"Tlm_Bil21_Eu";"25/09/2026 15:04:35";1188;1;46290628179,1898
"Tlm_Dos8_Eu";"25/09/2026 15:04:35";2621,8;1;46290628179,1898
"HMI<->PLC_Real{0}";"25/09/2026 15:04:35";1247;1;46290628179,1898
"Tlm_Bil21_Eu";"25/09/2026 15:04:36";1211,6;1;46290628190,8333
"Tlm_Dos8_Eu";"25/09/2026 15:04:36";2602,7;1;46290628190,8333
"HMI<->PLC_Real{0}";"25/09/2026 15:04:36";1247;1;46290628190,8333
"Tlm_Bil21_Eu";"25/09/2026 15:04:37";1234;1;46290628202,4421
"Tlm_Dos8_Eu";"25/09/2026 15:04:37";2573,9;1;46290628202,4421
"HMI<->PLC_Real{0}";"25/09/2026 15:04:37";1247;1;46290628202,4421
"Tlm_Bil21_Eu";"25/09/2026 15:04:38";1240,8;1;46290628214,0856
"Tlm_Dos8_Eu";"25/09/2026 15:04:38";2570,7;1;46290628214,0856
"HMI<->PLC_Real{0}";"25/09/2026 15:04:38";1247;1;46290628214,0856
"Tlm_Bil21_Eu";"25/09/2026 15:04:39";1240,8;1;46290628225,7176
"Tlm_Dos8_Eu";"25/09/2026 15:04:39";2578,7;1;46290628225,7176
"HMI<->PLC_Real{0}";"25/09/2026 15:04:39";1247;1;46290628225,7176
"Bil21_Wrk_DosaggioInCorso";"25/09/2026 15:04:39";0;1;46290628228,6343
"Tlm_Bil21_Eu";"25/09/2026 15:05:01";-0,1;1;46290628487,4537
"Tlm_Dos8_Eu";"25/09/2026 15:05:01";3884,8;1;46290628487,4537
"HMI<->PLC_Real{0}";"25/09/2026 15:05:01";1247;1;46290628487,4537
"Tlm_Bil21_Eu";"25/09/2026 15:05:02";2,5;1;46290628499,0856
"Tlm_Dos8_Eu";"25/09/2026 15:05:02";3864,4;1;46290628499,0856
"HMI<->PLC_Real{0}";"25/09/2026 15:05:02";1247;1;46290628499,0856
"Tlm_Bil21_Eu";"25/09/2026 15:05:03";73,5;1;46290628510,6944
"Tlm_Dos8_Eu";"25/09/2026 15:05:03";3889,8;1;46290628510,6944
"HMI<->PLC_Real{0}";"25/09/2026 15:05:03";1247;1;46290628510,6944
"Tlm_Bil21_Eu";"25/09/2026 15:05:04";163,3;1;46290628522,3264
"Tlm_Dos8_Eu";"25/09/2026 15:05:04";3691,5;1;46290628522,3264
"HMI<->PLC_Real{0}";"25/09/2026 15:05:04";1247;1;46290628522,3264
"Tlm_Bil21_Eu";"25/09/2026 15:05:05";227,1;1;46290628533,9699
"Tlm_Dos8_Eu";"25/09/2026 15:05:05";3589,3;1;46290628533,9699
"HMI<->PLC_Real{0}";"25/09/2026 15:05:05";1247;1;46290628533,9699
"Tlm_Bil21_Eu";"25/09/2026 15:05:06";318,2;1;46290628545,5903
"Tlm_Dos8_Eu";"25/09/2026 15:05:06";3580,5;1;46290628545,5903
"HMI<->PLC_Real{0}";"25/09/2026 15:05:06";1247;1;46290628545,5903
"Tlm_Bil21_Eu";"25/09/2026 15:05:07";388,8;1;46290628557,1991
"Tlm_Dos8_Eu";"25/09/2026 15:05:07";3430,7;1;46290628557,1991
"HMI<->PLC_Real{0}";"25/09/2026 15:05:07";1247;1;46290628557,1991
"Tlm_Bil21_Eu";"25/09/2026 15:05:08";464,4;1;46290628568,831
"Tlm_Dos8_Eu";"25/09/2026 15:05:08";3379,7;1;46290628568,831
"HMI<->PLC_Real{0}";"25/09/2026 15:05:08";1247;1;46290628568,831
"Tlm_Bil21_Eu";"25/09/2026 15:05:09";547,1;1;46290628580,463
"Tlm_Dos8_Eu";"25/09/2026 15:05:09";3246,7;1;46290628580,463
"HMI<->PLC_Real{0}";"25/09/2026 15:05:09";1247;1;46290628580,463
"Tlm_Bil21_Eu";"25/09/2026 15:05:10";616,9;1;46290628592,0949
"Tlm_Dos8_Eu";"25/09/2026 15:05:10";3123;1;46290628592,0949
"HMI<->PLC_Real{0}";"25/09/2026 15:05:10";1247;1;46290628592,0949
"Tlm_Bil21_Eu";"25/09/2026 15:05:11";672,6;1;46290628603,7269
"Tlm_Dos8_Eu";"25/09/2026 15:05:11";3157,6;1;46290628603,7269
"HMI<->PLC_Real{0}";"25/09/2026 15:05:11";1247;1;46290628603,7269
"Tlm_Bil21_Eu";"25/09/2026 15:05:12";753,1;1;46290628615,3472
"Tlm_Dos8_Eu";"25/09/2026 15:05:12";2990,3;1;46290628615,3472
"HMI<->PLC_Real{0}";"25/09/2026 15:05:12";1247;1;46290628615,3472
"Tlm_Bil21_Eu";"25/09/2026 15:05:13";805,8;1;46290628626,9792
"Tlm_Dos8_Eu";"25/09/2026 15:05:13";3002,3;1;46290628626,9792
"HMI<->PLC_Real{0}";"25/09/2026 15:05:13";1247;1;46290628626,9792
"Tlm_Bil21_Eu";"25/09/2026 15:05:14";877,6;1;46290628638,5995
"Tlm_Dos8_Eu";"25/09/2026 15:05:14";3012,3;1;46290628638,5995
"HMI<->PLC_Real{0}";"25/09/2026 15:05:14";1247;1;46290628638,5995
"Tlm_Bil21_Eu";"25/09/2026 15:05:15";933,5;1;46290628650,2199
"Tlm_Dos8_Eu";"25/09/2026 15:05:15";2850,1;1;46290628650,2199
"HMI<->PLC_Real{0}";"25/09/2026 15:05:15";1247;1;46290628650,2199
"Tlm_Bil21_Eu";"25/09/2026 15:05:16";978,4;1;46290628661,8403
"Tlm_Dos8_Eu";"25/09/2026 15:05:16";2799,6;1;46290628661,8403
"HMI<->PLC_Real{0}";"25/09/2026 15:05:16";1247;1;46290628661,8403
"Tlm_Bil21_Eu";"25/09/2026 15:05:17";997,1;1;46290628673,4838
"Tlm_Dos8_Eu";"25/09/2026 15:05:17";2775,4;1;46290628673,4838
"HMI<->PLC_Real{0}";"25/09/2026 15:05:17";1247;1;46290628673,4838
"Tlm_Bil21_Eu";"25/09/2026 15:05:18";1024,4;1;46290628685,1157
"Tlm_Dos8_Eu";"25/09/2026 15:05:18";2912,4;1;46290628685,1157
"HMI<->PLC_Real{0}";"25/09/2026 15:05:18";1247;1;46290628685,1157
"Tlm_Bil21_Eu";"25/09/2026 15:05:19";1053,3;1;46290628696,7477
"Tlm_Dos8_Eu";"25/09/2026 15:05:19";2743,4;1;46290628696,7477
"HMI<->PLC_Real{0}";"25/09/2026 15:05:19";1247;1;46290628696,7477
"Tlm_Bil21_Eu";"25/09/2026 15:05:20";1086,5;1;46290628708,3681
"Tlm_Dos8_Eu";"25/09/2026 15:05:20";2724,8;1;46290628708,3681
"HMI<->PLC_Real{0}";"25/09/2026 15:05:20";1247;1;46290628708,3681
"Tlm_Bil21_Eu";"25/09/2026 15:05:21";1103,1;1;46290628720,0116
"Tlm_Dos8_Eu";"25/09/2026 15:05:21";2700,9;1;46290628720,0116
"HMI<->PLC_Real{0}";"25/09/2026 15:05:21";1247;1;46290628720,0116
"Tlm_Bil21_Eu";"25/09/2026 15:05:22";1114,9;1;46290628731,6551
"Tlm_Dos8_Eu";"25/09/2026 15:05:22";2687,4;1;46290628731,6551
"HMI<->PLC_Real{0}";"25/09/2026 15:05:22";1247;1;46290628731,6551
"Tlm_Bil21_Eu";"25/09/2026 15:05:23";1129,1;1;46290628743,287
"Tlm_Dos8_Eu";"25/09/2026 15:05:23";2674,6;1;46290628743,287
"HMI<->PLC_Real{0}";"25/09/2026 15:05:23";1247;1;46290628743,287
"Tlm_Bil21_Eu";"25/09/2026 15:05:24";1146,7;1;46290628754,919
"Tlm_Dos8_Eu";"25/09/2026 15:05:24";2651,3;1;46290628754,919
"HMI<->PLC_Real{0}";"25/09/2026 15:05:24";1247;1;46290628754,919
"Tlm_Bil21_Eu";"25/09/2026 15:05:25";1160,9;1;46290628766,5278
"Tlm_Dos8_Eu";"25/09/2026 15:05:25";2635,5;1;46290628766,5278
"HMI<->PLC_Real{0}";"25/09/2026 15:05:25";1247;1;46290628766,5278
"Tlm_Bil21_Eu";"25/09/2026 15:05:26";1178,5;1;46290628778,1713
"Tlm_Dos8_Eu";"25/09/2026 15:05:26";2623,2;1;46290628778,1713
"HMI<->PLC_Real{0}";"25/09/2026 15:05:26";1247;1;46290628778,1713
"Tlm_Bil21_Eu";"25/09/2026 15:05:27";1192,8;1;46290628789,7801
"Tlm_Dos8_Eu";"25/09/2026 15:05:27";2608,3;1;46290628789,7801
"HMI<->PLC_Real{0}";"25/09/2026 15:05:27";1247;1;46290628789,7801
"Tlm_Bil21_Eu";"25/09/2026 15:05:28";1197,4;1;46290628801,4236
"Tlm_Dos8_Eu";"25/09/2026 15:05:28";2602;1;46290628801,4236
"HMI<->PLC_Real{0}";"25/09/2026 15:05:28";1247;1;46290628801,4236
"Tlm_Bil21_Eu";"25/09/2026 15:05:29";1204,8;1;46290628813,0556
"Tlm_Dos8_Eu";"25/09/2026 15:05:29";2593,6;1;46290628813,0556
"HMI<->PLC_Real{0}";"25/09/2026 15:05:29";1247;1;46290628813,0556
"Tlm_Bil21_Eu";"25/09/2026 15:05:30";1213,4;1;46290628824,6991
"Tlm_Dos8_Eu";"25/09/2026 15:05:30";2585,7;1;46290628824,6991
"HMI<->PLC_Real{0}";"25/09/2026 15:05:30";1247;1;46290628824,6991
"Tlm_Bil21_Eu";"25/09/2026 15:05:31";1217,5;1;46290628836,3195
"Tlm_Dos8_Eu";"25/09/2026 15:05:31";2582,1;1;46290628836,3195
"HMI<->PLC_Real{0}";"25/09/2026 15:05:31";1247;1;46290628836,3195
"Tlm_Bil21_Eu";"25/09/2026 15:05:32";1219,6;1;46290628847,9398
"Tlm_Dos8_Eu";"25/09/2026 15:05:32";2580,2;1;46290628847,9398
"HMI<->PLC_Real{0}";"25/09/2026 15:05:32";1247;1;46290628847,9398
"Tlm_Bil21_Eu";"25/09/2026 15:05:33";1221,9;1;46290628859,5833
"Tlm_Dos8_Eu";"25/09/2026 15:05:33";2574,4;1;46290628859,5833
"HMI<->PLC_Real{0}";"25/09/2026 15:05:33";1247;1;46290628859,5833
"Tlm_Bil21_Eu";"25/09/2026 15:05:34";1227,7;1;46290628871,2153
"Tlm_Dos8_Eu";"25/09/2026 15:05:34";2567,7;1;46290628871,2153
"HMI<->PLC_Real{0}";"25/09/2026 15:05:34";1247;1;46290628871,2153
"Tlm_Bil21_Eu";"25/09/2026 15:05:35";1234,3;1;46290628882,8472
"Tlm_Dos8_Eu";"25/09/2026 15:05:35";2562,6;1;46290628882,8472
"HMI<->PLC_Real{0}";"25/09/2026 15:05:35";1247;1;46290628882,8472
"Tlm_Bil21_Eu";"25/09/2026 15:05:36";1240,2;1;46290628894,4792
"Tlm_Dos8_Eu";"25/09/2026 15:05:36";2556,9;1;46290628894,4792
"HMI<->PLC_Real{0}";"25/09/2026 15:05:36";1247;1;46290628894,4792
"Tlm_Bil21_Eu";"25/09/2026 15:05:37";1245,4;1;46290628906,0995
"Tlm_Dos8_Eu";"25/09/2026 15:05:37";2559,4;1;46290628906,0995
"HMI<->PLC_Real{0}";"25/09/2026 15:05:37";1247;1;46290628906,0995
"Bil21_Wrk_DosaggioInCorso";"25/09/2026 15:05:38";0;1;46290628911,6088
"Tlm_Bil21_Eu";"25/09/2026 15:06:14";-0,1;1;46290629332,3495
"Tlm_Dos8_Eu";"25/09/2026 15:06:14";2563,1;1;46290629332,3495
"HMI<->PLC_Real{0}";"25/09/2026 15:06:14";1247;1;46290629332,3495
"Tlm_Bil21_Eu";"25/09/2026 15:06:15";19,1;1;46290629343,9699
"Tlm_Dos8_Eu";"25/09/2026 15:06:15";2559;1;46290629343,9699
"HMI<->PLC_Real{0}";"25/09/2026 15:06:15";1247;1;46290629343,9699
"Tlm_Bil21_Eu";"25/09/2026 15:06:16";69,4;1;46290629355,625
"Tlm_Dos8_Eu";"25/09/2026 15:06:16";2512,2;1;46290629355,625
"HMI<->PLC_Real{0}";"25/09/2026 15:06:16";1247;1;46290629355,625
"Tlm_Bil21_Eu";"25/09/2026 15:06:17";120,3;1;46290629367,2569
"Tlm_Dos8_Eu";"25/09/2026 15:06:17";2433,2;1;46290629367,2569
"HMI<->PLC_Real{0}";"25/09/2026 15:06:17";1247;1;46290629367,2569
"Tlm_Bil21_Eu";"25/09/2026 15:06:18";173,5;1;46290629378,8889
"Tlm_Dos8_Eu";"25/09/2026 15:06:18";2325,5;1;46290629378,8889
"HMI<->PLC_Real{0}";"25/09/2026 15:06:18";1247;1;46290629378,8889
"Tlm_Bil21_Eu";"25/09/2026 15:06:19";228,7;1;46290629390,5093
"Tlm_Dos8_Eu";"25/09/2026 15:06:19";2270,7;1;46290629390,5093
"HMI<->PLC_Real{0}";"25/09/2026 15:06:19";1247;1;46290629390,5093
"Tlm_Bil21_Eu";"25/09/2026 15:06:20";284,2;1;46290629402,1181
"Tlm_Dos8_Eu";"25/09/2026 15:06:20";2381,4;1;46290629402,1181
"HMI<->PLC_Real{0}";"25/09/2026 15:06:20";1247;1;46290629402,1181
"Tlm_Bil21_Eu";"25/09/2026 15:06:21";351,8;1;46290629413,7384
"Tlm_Dos8_Eu";"25/09/2026 15:06:21";2056,4;1;46290629413,7384
"HMI<->PLC_Real{0}";"25/09/2026 15:06:21";1247;1;46290629413,7384
"Tlm_Bil21_Eu";"25/09/2026 15:06:22";416,5;1;46290629425,3819
"Tlm_Dos8_Eu";"25/09/2026 15:06:22";2119,7;1;46290629425,3819
"HMI<->PLC_Real{0}";"25/09/2026 15:06:22";1247;1;46290629425,3819
"Tlm_Bil21_Eu";"25/09/2026 15:06:23";492,8;1;46290629437,0023
"Tlm_Dos8_Eu";"25/09/2026 15:06:23";1971;1;46290629437,0023
"HMI<->PLC_Real{0}";"25/09/2026 15:06:23";1247;1;46290629437,0023
"Tlm_Bil21_Eu";"25/09/2026 15:06:24";563;1;46290629448,6458
"Tlm_Dos8_Eu";"25/09/2026 15:06:24";1913;1;46290629448,6458
"HMI<->PLC_Real{0}";"25/09/2026 15:06:24";1247;1;46290629448,6458
"Tlm_Bil21_Eu";"25/09/2026 15:06:25";638,4;1;46290629460,2662
"Tlm_Dos8_Eu";"25/09/2026 15:06:25";1948,6;1;46290629460,2662
"HMI<->PLC_Real{0}";"25/09/2026 15:06:25";1247;1;46290629460,2662
"Tlm_Bil21_Eu";"25/09/2026 15:06:26";709,9;1;46290629471,875
"Tlm_Dos8_Eu";"25/09/2026 15:06:26";1799,3;1;46290629471,875
"HMI<->PLC_Real{0}";"25/09/2026 15:06:26";1247;1;46290629471,875
"Tlm_Bil21_Eu";"25/09/2026 15:06:27";767,8;1;46290629483,4954
"Tlm_Dos8_Eu";"25/09/2026 15:06:27";1754,9;1;46290629483,4954
"HMI<->PLC_Real{0}";"25/09/2026 15:06:27";1247;1;46290629483,4954
"Tlm_Bil21_Eu";"25/09/2026 15:06:28";841,3;1;46290629495,1273
"Tlm_Dos8_Eu";"25/09/2026 15:06:28";1609,8;1;46290629495,1273
"HMI<->PLC_Real{0}";"25/09/2026 15:06:28";1247;1;46290629495,1273
"Tlm_Bil21_Eu";"25/09/2026 15:06:29";927,2;1;46290629506,7361
"Tlm_Dos8_Eu";"25/09/2026 15:06:29";1467,7;1;46290629506,7361
"HMI<->PLC_Real{0}";"25/09/2026 15:06:29";1247;1;46290629506,7361
"Tlm_Bil21_Eu";"25/09/2026 15:06:30";1000,9;1;46290629518,3681
"Tlm_Dos8_Eu";"25/09/2026 15:06:30";1274,5;1;46290629518,3681
"HMI<->PLC_Real{0}";"25/09/2026 15:06:30";1247;1;46290629518,3681
"Tlm_Bil21_Eu";"25/09/2026 15:06:31";1063,8;1;46290629529,9884
"Tlm_Dos8_Eu";"25/09/2026 15:06:31";1481;1;46290629529,9884
"HMI<->PLC_Real{0}";"25/09/2026 15:06:31";1247;1;46290629529,9884
"Tlm_Bil21_Eu";"25/09/2026 15:06:32";1111,2;1;46290629541,6088
"Tlm_Dos8_Eu";"25/09/2026 15:06:32";1412,1;1;46290629541,6088
"HMI<->PLC_Real{0}";"25/09/2026 15:06:32";1247;1;46290629541,6088
"Tlm_Bil21_Eu";"25/09/2026 15:06:33";1129,9;1;46290629553,2407
"Tlm_Dos8_Eu";"25/09/2026 15:06:33";1393;1;46290629553,2407
"HMI<->PLC_Real{0}";"25/09/2026 15:06:33";1247;1;46290629553,2407
"Tlm_Bil21_Eu";"25/09/2026 15:06:34";1148,8;1;46290629564,8611
"Tlm_Dos8_Eu";"25/09/2026 15:06:34";1372,2;1;46290629564,8611
"HMI<->PLC_Real{0}";"25/09/2026 15:06:34";1247;1;46290629564,8611
"Tlm_Bil21_Eu";"25/09/2026 15:06:35";1159,2;1;46290629576,4815
"Tlm_Dos8_Eu";"25/09/2026 15:06:35";1360,1;1;46290629576,4815
"HMI<->PLC_Real{0}";"25/09/2026 15:06:35";1247;1;46290629576,4815
"Tlm_Bil21_Eu";"25/09/2026 15:06:36";1173,7;1;46290629588,1134
"Tlm_Dos8_Eu";"25/09/2026 15:06:36";1346,2;1;46290629588,1134
"HMI<->PLC_Real{0}";"25/09/2026 15:06:36";1247;1;46290629588,1134
"Tlm_Bil21_Eu";"25/09/2026 15:06:37";1185,3;1;46290629599,7338
"Tlm_Dos8_Eu";"25/09/2026 15:06:37";1335,4;1;46290629599,7338
"HMI<->PLC_Real{0}";"25/09/2026 15:06:37";1247;1;46290629599,7338
"Tlm_Bil21_Eu";"25/09/2026 15:06:38";1189,7;1;46290629611,3542
"Tlm_Dos8_Eu";"25/09/2026 15:06:38";1331,5;1;46290629611,3542
"HMI<->PLC_Real{0}";"25/09/2026 15:06:38";1247;1;46290629611,3542
"Tlm_Bil21_Eu";"25/09/2026 15:06:39";1196,9;1;46290629622,9977
"Tlm_Dos8_Eu";"25/09/2026 15:06:39";1324;1;46290629622,9977
"HMI<->PLC_Real{0}";"25/09/2026 15:06:39";1247;1;46290629622,9977
"Tlm_Bil21_Eu";"25/09/2026 15:06:40";1215,3;1;46290629634,6181
"Tlm_Dos8_Eu";"25/09/2026 15:06:40";1302,5;1;46290629634,6181
"HMI<->PLC_Real{0}";"25/09/2026 15:06:40";1247;1;46290629634,6181
"Tlm_Bil21_Eu";"25/09/2026 15:06:41";1230,8;1;46290629646,25
"Tlm_Dos8_Eu";"25/09/2026 15:06:41";1288,3;1;46290629646,25
"HMI<->PLC_Real{0}";"25/09/2026 15:06:41";1247;1;46290629646,25
"Tlm_Bil21_Eu";"25/09/2026 15:06:42";1240,6;1;46290629657,8819
"Tlm_Dos8_Eu";"25/09/2026 15:06:42";1279;1;46290629657,8819
"HMI<->PLC_Real{0}";"25/09/2026 15:06:42";1247;1;46290629657,8819
"Tlm_Bil21_Eu";"25/09/2026 15:06:43";1241,4;1;46290629669,5023
"Tlm_Dos8_Eu";"25/09/2026 15:06:43";1274,7;1;46290629669,5023
"HMI<->PLC_Real{0}";"25/09/2026 15:06:43";1247;1;46290629669,5023
"Bil21_Wrk_DosaggioInCorso";"25/09/2026 15:06:44";0;1;46290629675,4167
"Tlm_Bil21_Eu";"25/09/2026 15:07:50";0,1;1;46290630439,6528
"Tlm_Dos8_Eu";"25/09/2026 15:07:50";4232,9;1;46290630439,6528
"HMI<->PLC_Real{0}";"25/09/2026 15:07:50";1247;1;46290630439,6528
"Tlm_Bil21_Eu";"25/09/2026 15:07:51";16,9;1;46290630451,25
"Tlm_Dos8_Eu";"25/09/2026 15:07:51";4105,8;1;46290630451,25
"HMI<->PLC_Real{0}";"25/09/2026 15:07:51";1247;1;46290630451,25
"Tlm_Bil21_Eu";"25/09/2026 15:07:52";75;1;46290630462,8588
"Tlm_Dos8_Eu";"25/09/2026 15:07:52";4125,4;1;46290630462,8588
"HMI<->PLC_Real{0}";"25/09/2026 15:07:52";1247;1;46290630462,8588
"Tlm_Bil21_Eu";"25/09/2026 15:07:53";149,5;1;46290630474,4792
"Tlm_Dos8_Eu";"25/09/2026 15:07:53";4100,3;1;46290630474,4792
"HMI<->PLC_Real{0}";"25/09/2026 15:07:53";1247;1;46290630474,4792
"Tlm_Bil21_Eu";"25/09/2026 15:07:54";254,5;1;46290630486,1111
"Tlm_Dos8_Eu";"25/09/2026 15:07:54";3878;1;46290630486,1111
"HMI<->PLC_Real{0}";"25/09/2026 15:07:54";1247;1;46290630486,1111
"Tlm_Bil21_Eu";"25/09/2026 15:07:55";377,5;1;46290630497,7546
"Tlm_Dos8_Eu";"25/09/2026 15:07:55";3809,8;1;46290630497,7546
"HMI<->PLC_Real{0}";"25/09/2026 15:07:55";1247;1;46290630497,7546
"Tlm_Bil21_Eu";"25/09/2026 15:07:56";457,6;1;46290630509,4097
"Tlm_Dos8_Eu";"25/09/2026 15:07:56";3798,4;1;46290630509,4097
"HMI<->PLC_Real{0}";"25/09/2026 15:07:56";1247;1;46290630509,4097
"Tlm_Bil21_Eu";"25/09/2026 15:07:57";557,9;1;46290630521,0417
"Tlm_Dos8_Eu";"25/09/2026 15:07:57";3532,5;1;46290630521,0417
"HMI<->PLC_Real{0}";"25/09/2026 15:07:57";1247;1;46290630521,0417
"Tlm_Bil21_Eu";"25/09/2026 15:07:58";624,7;1;46290630532,6736
"Tlm_Dos8_Eu";"25/09/2026 15:07:58";3526,4;1;46290630532,6736
"HMI<->PLC_Real{0}";"25/09/2026 15:07:58";1247;1;46290630532,6736
"Tlm_Bil21_Eu";"25/09/2026 15:07:59";710,4;1;46290630544,2824
"Tlm_Dos8_Eu";"25/09/2026 15:07:59";3447,9;1;46290630544,2824
"HMI<->PLC_Real{0}";"25/09/2026 15:07:59";1247;1;46290630544,2824
"Tlm_Bil21_Eu";"25/09/2026 15:08:00";792,3;1;46290630555,9144
"Tlm_Dos8_Eu";"25/09/2026 15:08:00";3299,6;1;46290630555,9144
"HMI<->PLC_Real{0}";"25/09/2026 15:08:00";1247;1;46290630555,9144
"Tlm_Bil21_Eu";"25/09/2026 15:08:01";862,6;1;46290630567,5463
"Tlm_Dos8_Eu";"25/09/2026 15:08:01";3267,4;1;46290630567,5463
"HMI<->PLC_Real{0}";"25/09/2026 15:08:01";1247;1;46290630567,5463
"Tlm_Bil21_Eu";"25/09/2026 15:08:02";910;1;46290630579,1667
"Tlm_Dos8_Eu";"25/09/2026 15:08:02";3257,7;1;46290630579,1667
"HMI<->PLC_Real{0}";"25/09/2026 15:08:02";1247;1;46290630579,1667
"Tlm_Bil21_Eu";"25/09/2026 15:08:03";968,4;1;46290630590,7755
"Tlm_Dos8_Eu";"25/09/2026 15:08:03";3118,2;1;46290630590,7755
"HMI<->PLC_Real{0}";"25/09/2026 15:08:03";1247;1;46290630590,7755
"Tlm_Bil21_Eu";"25/09/2026 15:08:04";1008,3;1;46290630602,4306
"Tlm_Dos8_Eu";"25/09/2026 15:08:04";3188,5;1;46290630602,4306
"HMI<->PLC_Real{0}";"25/09/2026 15:08:04";1247;1;46290630602,4306
"Tlm_Bil21_Eu";"25/09/2026 15:08:05";1041,6;1;46290630614,0394
"Tlm_Dos8_Eu";"25/09/2026 15:08:05";3057,5;1;46290630614,0394
"HMI<->PLC_Real{0}";"25/09/2026 15:08:05";1247;1;46290630614,0394
"Tlm_Bil21_Eu";"25/09/2026 15:08:06";1059;1;46290630625,6829
"Tlm_Dos8_Eu";"25/09/2026 15:08:06";3087,9;1;46290630625,6829
"HMI<->PLC_Real{0}";"25/09/2026 15:08:06";1247;1;46290630625,6829
"Tlm_Bil21_Eu";"25/09/2026 15:08:07";1085,2;1;46290630637,3264
"Tlm_Dos8_Eu";"25/09/2026 15:08:07";3060,1;1;46290630637,3264
"HMI<->PLC_Real{0}";"25/09/2026 15:08:07";1247;1;46290630637,3264
"Tlm_Bil21_Eu";"25/09/2026 15:08:08";1115,6;1;46290630648,9468
"Tlm_Dos8_Eu";"25/09/2026 15:08:08";3021,8;1;46290630648,9468
"HMI<->PLC_Real{0}";"25/09/2026 15:08:08";1247;1;46290630648,9468
"Tlm_Bil21_Eu";"25/09/2026 15:08:09";1143,7;1;46290630660,5787
"Tlm_Dos8_Eu";"25/09/2026 15:08:09";3002,2;1;46290630660,5787
"HMI<->PLC_Real{0}";"25/09/2026 15:08:09";1247;1;46290630660,5787
"Tlm_Bil21_Eu";"25/09/2026 15:08:10";1165,8;1;46290630672,1991
"Tlm_Dos8_Eu";"25/09/2026 15:08:10";2975,7;1;46290630672,1991
"HMI<->PLC_Real{0}";"25/09/2026 15:08:10";1247;1;46290630672,1991
"Tlm_Bil21_Eu";"25/09/2026 15:08:11";1191,9;1;46290630683,8542
"Tlm_Dos8_Eu";"25/09/2026 15:08:11";2954,4;1;46290630683,8542
"HMI<->PLC_Real{0}";"25/09/2026 15:08:11";1247;1;46290630683,8542
"Tlm_Bil21_Eu";"25/09/2026 15:08:12";1213,7;1;46290630695,5093
"Tlm_Dos8_Eu";"25/09/2026 15:08:12";2925,7;1;46290630695,5093
"HMI<->PLC_Real{0}";"25/09/2026 15:08:12";1247;1;46290630695,5093
"Tlm_Bil21_Eu";"25/09/2026 15:08:13";1224,7;1;46290630707,1412
"Tlm_Dos8_Eu";"25/09/2026 15:08:13";2919,2;1;46290630707,1412
"HMI<->PLC_Real{0}";"25/09/2026 15:08:13";1247;1;46290630707,1412
"Tlm_Bil21_Eu";"25/09/2026 15:08:14";1229,2;1;46290630718,75
"Tlm_Dos8_Eu";"25/09/2026 15:08:14";2913,9;1;46290630718,75
"HMI<->PLC_Real{0}";"25/09/2026 15:08:14";1247;1;46290630718,75
"Tlm_Bil21_Eu";"25/09/2026 15:08:15";1231;1;46290630730,382
"Tlm_Dos8_Eu";"25/09/2026 15:08:15";2912,7;1;46290630730,382
"HMI<->PLC_Real{0}";"25/09/2026 15:08:15";1247;1;46290630730,382
"Tlm_Bil21_Eu";"25/09/2026 15:08:16";1235,4;1;46290630742,0139
"Tlm_Dos8_Eu";"25/09/2026 15:08:16";2907,4;1;46290630742,0139
"HMI<->PLC_Real{0}";"25/09/2026 15:08:16";1247;1;46290630742,0139
"Tlm_Bil21_Eu";"25/09/2026 15:08:17";1238,1;1;46290630753,6458
"Tlm_Dos8_Eu";"25/09/2026 15:08:17";2900,6;1;46290630753,6458
"HMI<->PLC_Real{0}";"25/09/2026 15:08:17";1247;1;46290630753,6458
"Tlm_Bil21_Eu";"25/09/2026 15:08:18";1252,2;1;46290630765,2546
"Tlm_Dos8_Eu";"25/09/2026 15:08:18";2897,7;1;46290630765,2546
"HMI<->PLC_Real{0}";"25/09/2026 15:08:18";1247;1;46290630765,2546
"Bil21_Wrk_DosaggioInCorso";"25/09/2026 15:08:19";0;1;46290630774,8611
"Tlm_Bil21_Eu";"25/09/2026 15:08:54";0,3;1;46290631183,8542
"Tlm_Dos8_Eu";"25/09/2026 15:08:54";2881,7;1;46290631183,8542
"HMI<->PLC_Real{0}";"25/09/2026 15:08:54";1247;1;46290631183,8542
"Tlm_Bil21_Eu";"25/09/2026 15:08:55";50,9;1;46290631195,463
"Tlm_Dos8_Eu";"25/09/2026 15:08:55";2786,7;1;46290631195,463
"HMI<->PLC_Real{0}";"25/09/2026 15:08:55";1247;1;46290631195,463
"Tlm_Bil21_Eu";"25/09/2026 15:08:56";132,6;1;46290631207,0949
"Tlm_Dos8_Eu";"25/09/2026 15:08:56";2694,8;1;46290631207,0949
"HMI<->PLC_Real{0}";"25/09/2026 15:08:56";1247;1;46290631207,0949
"Tlm_Bil21_Eu";"25/09/2026 15:08:57";210,9;1;46290631218,7268
"Tlm_Dos8_Eu";"25/09/2026 15:08:57";2715,5;1;46290631218,7268
"HMI<->PLC_Real{0}";"25/09/2026 15:08:57";1247;1;46290631218,7268
"Tlm_Bil21_Eu";"25/09/2026 15:08:58";280,3;1;46290631230,3356
"Tlm_Dos8_Eu";"25/09/2026 15:08:58";2601,4;1;46290631230,3356
"HMI<->PLC_Real{0}";"25/09/2026 15:08:58";1247;1;46290631230,3356
"Tlm_Bil21_Eu";"25/09/2026 15:08:59";347,2;1;46290631241,9907
"Tlm_Dos8_Eu";"25/09/2026 15:08:59";2498,5;1;46290631241,9907
"HMI<->PLC_Real{0}";"25/09/2026 15:08:59";1247;1;46290631241,9907
"Tlm_Bil21_Eu";"25/09/2026 15:09:00";419,2;1;46290631253,6227
"Tlm_Dos8_Eu";"25/09/2026 15:09:00";2343,7;1;46290631253,6227
"HMI<->PLC_Real{0}";"25/09/2026 15:09:00";1247;1;46290631253,6227
"Tlm_Bil21_Eu";"25/09/2026 15:09:01";494,3;1;46290631265,2431
"Tlm_Dos8_Eu";"25/09/2026 15:09:01";2398;1;46290631265,2431
"HMI<->PLC_Real{0}";"25/09/2026 15:09:01";1247;1;46290631265,2431
"Tlm_Bil21_Eu";"25/09/2026 15:09:02";592,2;1;46290631276,875
"Tlm_Dos8_Eu";"25/09/2026 15:09:02";2192,7;1;46290631276,875
"HMI<->PLC_Real{0}";"25/09/2026 15:09:02";1247;1;46290631276,875
"Tlm_Bil21_Eu";"25/09/2026 15:09:03";681,6;1;46290631288,4838
"Tlm_Dos8_Eu";"25/09/2026 15:09:03";2183,6;1;46290631288,4838
"HMI<->PLC_Real{0}";"25/09/2026 15:09:03";1247;1;46290631288,4838
"Tlm_Bil21_Eu";"25/09/2026 15:09:04";780,7;1;46290631300,0926
"Tlm_Dos8_Eu";"25/09/2026 15:09:04";2056,9;1;46290631300,0926
"HMI<->PLC_Real{0}";"25/09/2026 15:09:04";1247;1;46290631300,0926
"Tlm_Bil21_Eu";"25/09/2026 15:09:05";859,1;1;46290631311,7361
"Tlm_Dos8_Eu";"25/09/2026 15:09:05";2009,7;1;46290631311,7361
"HMI<->PLC_Real{0}";"25/09/2026 15:09:05";1247;1;46290631311,7361
"Tlm_Bil21_Eu";"25/09/2026 15:09:06";914;1;46290631323,3681
"Tlm_Dos8_Eu";"25/09/2026 15:09:06";2008,9;1;46290631323,3681
"HMI<->PLC_Real{0}";"25/09/2026 15:09:06";1247;1;46290631323,3681
"Tlm_Bil21_Eu";"25/09/2026 15:09:07";949,3;1;46290631335,0116
"Tlm_Dos8_Eu";"25/09/2026 15:09:07";1860,2;1;46290631335,0116
"HMI<->PLC_Real{0}";"25/09/2026 15:09:07";1247;1;46290631335,0116
"Tlm_Bil21_Eu";"25/09/2026 15:09:08";977,2;1;46290631346,6204
"Tlm_Dos8_Eu";"25/09/2026 15:09:08";1769,3;1;46290631346,6204
"HMI<->PLC_Real{0}";"25/09/2026 15:09:08";1247;1;46290631346,6204
"Tlm_Bil21_Eu";"25/09/2026 15:09:09";1016,8;1;46290631358,2407
"Tlm_Dos8_Eu";"25/09/2026 15:09:09";1689,2;1;46290631358,2407
"HMI<->PLC_Real{0}";"25/09/2026 15:09:09";1247;1;46290631358,2407
"Tlm_Bil21_Eu";"25/09/2026 15:09:10";1032,7;1;46290631369,8611
"Tlm_Dos8_Eu";"25/09/2026 15:09:10";1794,9;1;46290631369,8611
"HMI<->PLC_Real{0}";"25/09/2026 15:09:10";1247;1;46290631369,8611
"Tlm_Bil21_Eu";"25/09/2026 15:09:11";1045,1;1;46290631381,4931
"Tlm_Dos8_Eu";"25/09/2026 15:09:11";1828,9;1;46290631381,4931
"HMI<->PLC_Real{0}";"25/09/2026 15:09:11";1247;1;46290631381,4931
"Tlm_Bil21_Eu";"25/09/2026 15:09:12";1061,7;1;46290631393,1019
"Tlm_Dos8_Eu";"25/09/2026 15:09:12";1810,3;1;46290631393,1019
"HMI<->PLC_Real{0}";"25/09/2026 15:09:12";1247;1;46290631393,1019
"Tlm_Bil21_Eu";"25/09/2026 15:09:13";1076;1;46290631404,7454
"Tlm_Dos8_Eu";"25/09/2026 15:09:13";1794,2;1;46290631404,7454
"HMI<->PLC_Real{0}";"25/09/2026 15:09:13";1247;1;46290631404,7454
"Tlm_Bil21_Eu";"25/09/2026 15:09:14";1114,4;1;46290631416,3773
"Tlm_Dos8_Eu";"25/09/2026 15:09:14";1755,6;1;46290631416,3773
"HMI<->PLC_Real{0}";"25/09/2026 15:09:14";1247;1;46290631416,3773
"Tlm_Bil21_Eu";"25/09/2026 15:09:15";1139,2;1;46290631427,9977
"Tlm_Dos8_Eu";"25/09/2026 15:09:15";1720,6;1;46290631427,9977
"HMI<->PLC_Real{0}";"25/09/2026 15:09:15";1247;1;46290631427,9977
"Tlm_Bil21_Eu";"25/09/2026 15:09:16";1187;1;46290631439,6296
"Tlm_Dos8_Eu";"25/09/2026 15:09:16";1675,9;1;46290631439,6296
"HMI<->PLC_Real{0}";"25/09/2026 15:09:16";1247;1;46290631439,6296
"Tlm_Bil21_Eu";"25/09/2026 15:09:17";1210,9;1;46290631451,2384
"Tlm_Dos8_Eu";"25/09/2026 15:09:17";1653,9;1;46290631451,2384
"HMI<->PLC_Real{0}";"25/09/2026 15:09:17";1247;1;46290631451,2384
"Tlm_Bil21_Eu";"25/09/2026 15:09:18";1222,3;1;46290631462,8588
"Tlm_Dos8_Eu";"25/09/2026 15:09:18";1642,2;1;46290631462,8588
"HMI<->PLC_Real{0}";"25/09/2026 15:09:18";1247;1;46290631462,8588
"Tlm_Bil21_Eu";"25/09/2026 15:09:19";1230,4;1;46290631474,4907
"Tlm_Dos8_Eu";"25/09/2026 15:09:19";1636,8;1;46290631474,4907
"HMI<->PLC_Real{0}";"25/09/2026 15:09:19";1247;1;46290631474,4907
"Tlm_Bil21_Eu";"25/09/2026 15:09:20";1230,8;1;46290631486,1111
"Tlm_Dos8_Eu";"25/09/2026 15:09:20";1634;1;46290631486,1111
"HMI<->PLC_Real{0}";"25/09/2026 15:09:20";1247;1;46290631486,1111
"Tlm_Bil21_Eu";"25/09/2026 15:09:21";1232;1;46290631497,7315
"Tlm_Dos8_Eu";"25/09/2026 15:09:21";1632,8;1;46290631497,7315
"HMI<->PLC_Real{0}";"25/09/2026 15:09:21";1247;1;46290631497,7431
"Tlm_Bil21_Eu";"25/09/2026 15:09:22";1232,2;1;46290631509,3866
"Tlm_Dos8_Eu";"25/09/2026 15:09:22";1632,8;1;46290631509,3866
"HMI<->PLC_Real{0}";"25/09/2026 15:09:22";1247;1;46290631509,3866
"Tlm_Bil21_Eu";"25/09/2026 15:09:23";1232,8;1;46290631521,0185
"Tlm_Dos8_Eu";"25/09/2026 15:09:23";1631,6;1;46290631521,0185
"HMI<->PLC_Real{0}";"25/09/2026 15:09:23";1247;1;46290631521,0185
"Tlm_Bil21_Eu";"25/09/2026 15:09:24";1233,2;1;46290631532,6389
"Tlm_Dos8_Eu";"25/09/2026 15:09:24";1632,2;1;46290631532,6389
"HMI<->PLC_Real{0}";"25/09/2026 15:09:24";1247;1;46290631532,6389
"Tlm_Bil21_Eu";"25/09/2026 15:09:25";1234,2;1;46290631544,2593
"Tlm_Dos8_Eu";"25/09/2026 15:09:25";1630,7;1;46290631544,2593
"HMI<->PLC_Real{0}";"25/09/2026 15:09:25";1247;1;46290631544,2593
"Tlm_Bil21_Eu";"25/09/2026 15:09:26";1235,5;1;46290631555,8912
"Tlm_Dos8_Eu";"25/09/2026 15:09:26";1630,1;1;46290631555,8912
"HMI<->PLC_Real{0}";"25/09/2026 15:09:26";1247;1;46290631555,8912
"Tlm_Bil21_Eu";"25/09/2026 15:09:27";1236,5;1;46290631567,5231
"Tlm_Dos8_Eu";"25/09/2026 15:09:27";1628,4;1;46290631567,5231
"HMI<->PLC_Real{0}";"25/09/2026 15:09:27";1247;1;46290631567,5231
"Tlm_Bil21_Eu";"25/09/2026 15:09:28";1237,4;1;46290631579,1551
"Tlm_Dos8_Eu";"25/09/2026 15:09:28";1627,2;1;46290631579,1551
"HMI<->PLC_Real{0}";"25/09/2026 15:09:28";1247;1;46290631579,1551
"Tlm_Bil21_Eu";"25/09/2026 15:09:29";1237,8;1;46290631590,7755
"Tlm_Dos8_Eu";"25/09/2026 15:09:29";1626,6;1;46290631590,7755
"HMI<->PLC_Real{0}";"25/09/2026 15:09:29";1247;1;46290631590,7755
"Tlm_Bil21_Eu";"25/09/2026 15:09:30";1242,8;1;46290631602,3958
"Tlm_Dos8_Eu";"25/09/2026 15:09:30";1643,7;1;46290631602,3958
"HMI<->PLC_Real{0}";"25/09/2026 15:09:30";1247;1;46290631602,3958
"Tlm_Bil21_Eu";"25/09/2026 15:09:31";1243,1;1;46290631614,0162
"Tlm_Dos8_Eu";"25/09/2026 15:09:31";1627,7;1;46290631614,0162
"HMI<->PLC_Real{0}";"25/09/2026 15:09:31";1247;1;46290631614,0162
"Bil21_Wrk_DosaggioInCorso";"25/09/2026 15:09:32";0;1;46290631620,081
"Tlm_Bil21_Eu";"25/09/2026 15:12:10";1,1;1;46290633452,6852
"Tlm_Dos8_Eu";"25/09/2026 15:12:10";2611,8;1;46290633452,6852
"HMI<->PLC_Real{0}";"25/09/2026 15:12:10";1247;1;46290633452,6852
"Tlm_Bil21_Eu";"25/09/2026 15:12:11";66,9;1;46290633464,3056
"Tlm_Dos8_Eu";"25/09/2026 15:12:11";2523;1;46290633464,3056
"HMI<->PLC_Real{0}";"25/09/2026 15:12:11";1247;1;46290633464,3056
"Tlm_Bil21_Eu";"25/09/2026 15:12:12";143,5;1;46290633475,9375
"Tlm_Dos8_Eu";"25/09/2026 15:12:12";2302,7;1;46290633475,9375
"HMI<->PLC_Real{0}";"25/09/2026 15:12:12";1247;1;46290633475,9375
"Tlm_Bil21_Eu";"25/09/2026 15:12:13";198;1;46290633487,5463
"Tlm_Dos8_Eu";"25/09/2026 15:12:13";2293;1;46290633487,5463
"HMI<->PLC_Real{0}";"25/09/2026 15:12:13";1247;1;46290633487,5463
"Tlm_Bil21_Eu";"25/09/2026 15:12:14";267,7;1;46290633499,1667
"Tlm_Dos8_Eu";"25/09/2026 15:12:14";2199,4;1;46290633499,1667
"HMI<->PLC_Real{0}";"25/09/2026 15:12:14";1247;1;46290633499,1667
"Tlm_Bil21_Eu";"25/09/2026 15:12:15";348,2;1;46290633510,7986
"Tlm_Dos8_Eu";"25/09/2026 15:12:15";2209,4;1;46290633510,7986
"HMI<->PLC_Real{0}";"25/09/2026 15:12:15";1247;1;46290633510,7986
"Tlm_Bil21_Eu";"25/09/2026 15:12:16";421;1;46290633522,4074
"Tlm_Dos8_Eu";"25/09/2026 15:12:16";2157,6;1;46290633522,4074
"HMI<->PLC_Real{0}";"25/09/2026 15:12:16";1247;1;46290633522,4074
"Tlm_Bil21_Eu";"25/09/2026 15:12:17";523,7;1;46290633534,0046
"Tlm_Dos8_Eu";"25/09/2026 15:12:17";2076,7;1;46290633534,0046
"HMI<->PLC_Real{0}";"25/09/2026 15:12:17";1247;1;46290633534,0046
"Tlm_Bil21_Eu";"25/09/2026 15:12:18";599,2;1;46290633545,625
"Tlm_Dos8_Eu";"25/09/2026 15:12:18";1745,2;1;46290633545,625
"HMI<->PLC_Real{0}";"25/09/2026 15:12:18";1247;1;46290633545,625
"Tlm_Bil21_Eu";"25/09/2026 15:12:19";669,3;1;46290633557,2222
"Tlm_Dos8_Eu";"25/09/2026 15:12:19";1763,3;1;46290633557,2222
"HMI<->PLC_Real{0}";"25/09/2026 15:12:19";1247;1;46290633557,2222
"Tlm_Bil21_Eu";"25/09/2026 15:12:20";746,9;1;46290633568,8773
"Tlm_Dos8_Eu";"25/09/2026 15:12:20";1685,5;1;46290633568,8773
"HMI<->PLC_Real{0}";"25/09/2026 15:12:20";1247;1;46290633568,8773
"Tlm_Bil21_Eu";"25/09/2026 15:12:21";830;1;46290633580,5324
"Tlm_Dos8_Eu";"25/09/2026 15:12:21";1697,2;1;46290633580,5324
"HMI<->PLC_Real{0}";"25/09/2026 15:12:21";1247;1;46290633580,5324
"Tlm_Bil21_Eu";"25/09/2026 15:12:22";911,8;1;46290633592,1759
"Tlm_Dos8_Eu";"25/09/2026 15:12:22";1854,4;1;46290633592,1759
"HMI<->PLC_Real{0}";"25/09/2026 15:12:22";1247;1;46290633592,1759
"Tlm_Bil21_Eu";"25/09/2026 15:12:23";963,6;1;46290633603,8079
"Tlm_Dos8_Eu";"25/09/2026 15:12:23";1642,6;1;46290633603,8079
"HMI<->PLC_Real{0}";"25/09/2026 15:12:23";1247;1;46290633603,8079
"Tlm_Bil21_Eu";"25/09/2026 15:12:24";994,7;1;46290633615,4167
"Tlm_Dos8_Eu";"25/09/2026 15:12:24";1547,8;1;46290633615,4167
"HMI<->PLC_Real{0}";"25/09/2026 15:12:24";1247;1;46290633615,4167
"Tlm_Bil21_Eu";"25/09/2026 15:12:25";1006,6;1;46290633627,0718
"Tlm_Dos8_Eu";"25/09/2026 15:12:25";1574;1;46290633627,0718
"HMI<->PLC_Real{0}";"25/09/2026 15:12:25";1247;1;46290633627,0718
"Tlm_Bil21_Eu";"25/09/2026 15:12:26";1039,3;1;46290633638,7153
"Tlm_Dos8_Eu";"25/09/2026 15:12:26";1445,3;1;46290633638,7153
"HMI<->PLC_Real{0}";"25/09/2026 15:12:26";1247;1;46290633638,7153
"Tlm_Bil21_Eu";"25/09/2026 15:12:27";1073,8;1;46290633650,3472
"Tlm_Dos8_Eu";"25/09/2026 15:12:27";1428,4;1;46290633650,3472
"HMI<->PLC_Real{0}";"25/09/2026 15:12:27";1247;1;46290633650,3472
"Tlm_Bil21_Eu";"25/09/2026 15:12:28";1138,3;1;46290633661,9907
"Tlm_Dos8_Eu";"25/09/2026 15:12:28";1366,5;1;46290633661,9907
"HMI<->PLC_Real{0}";"25/09/2026 15:12:28";1247;1;46290633661,9907
"Tlm_Bil21_Eu";"25/09/2026 15:12:29";1152,2;1;46290633673,6111
"Tlm_Dos8_Eu";"25/09/2026 15:12:29";1346,2;1;46290633673,6111
"HMI<->PLC_Real{0}";"25/09/2026 15:12:29";1247;1;46290633673,6111
"Tlm_Bil21_Eu";"25/09/2026 15:12:30";1160;1;46290633685,2315
"Tlm_Dos8_Eu";"25/09/2026 15:12:30";1334,8;1;46290633685,2315
"HMI<->PLC_Real{0}";"25/09/2026 15:12:30";1247;1;46290633685,2315
"Tlm_Bil21_Eu";"25/09/2026 15:12:31";1171,7;1;46290633696,875
"Tlm_Dos8_Eu";"25/09/2026 15:12:31";1320,7;1;46290633696,875
"HMI<->PLC_Real{0}";"25/09/2026 15:12:31";1247;1;46290633696,875
"Tlm_Bil21_Eu";"25/09/2026 15:12:32";1182,9;1;46290633708,5069
"Tlm_Dos8_Eu";"25/09/2026 15:12:32";1303,2;1;46290633708,5069
"HMI<->PLC_Real{0}";"25/09/2026 15:12:32";1247;1;46290633708,5069
"Tlm_Bil21_Eu";"25/09/2026 15:12:33";1201,4;1;46290633720,1273
"Tlm_Dos8_Eu";"25/09/2026 15:12:33";1291,2;1;46290633720,1273
"HMI<->PLC_Real{0}";"25/09/2026 15:12:33";1247;1;46290633720,1273
"Tlm_Bil21_Eu";"25/09/2026 15:12:34";1225,6;1;46290633731,7477
"Tlm_Dos8_Eu";"25/09/2026 15:12:34";1262,2;1;46290633731,7477
"HMI<->PLC_Real{0}";"25/09/2026 15:12:34";1247;1;46290633731,7477
"Tlm_Bil21_Eu";"25/09/2026 15:12:35";1235;1;46290633743,3565
"Tlm_Dos8_Eu";"25/09/2026 15:12:35";1259,6;1;46290633743,3565
"HMI<->PLC_Real{0}";"25/09/2026 15:12:35";1247;1;46290633743,3565
"Tlm_Bil21_Eu";"25/09/2026 15:12:36";1237,8;1;46290633754,9884
"Tlm_Dos8_Eu";"25/09/2026 15:12:36";1254,9;1;46290633754,9884
"HMI<->PLC_Real{0}";"25/09/2026 15:12:36";1247;1;46290633754,9884
"Tlm_Bil21_Eu";"25/09/2026 15:12:37";1240,9;1;46290633766,6319
"Tlm_Dos8_Eu";"25/09/2026 15:12:37";1228,2;1;46290633766,6319
"HMI<->PLC_Real{0}";"25/09/2026 15:12:37";1247;1;46290633766,6319
"Tlm_Bil21_Eu";"25/09/2026 15:12:38";1241,2;1;46290633778,2523
"Tlm_Dos8_Eu";"25/09/2026 15:12:38";1256,6;1;46290633778,2523
"HMI<->PLC_Real{0}";"25/09/2026 15:12:38";1247;1;46290633778,2523
"Bil21_Wrk_DosaggioInCorso";"25/09/2026 15:12:39";0;1;46290633784,1435
"Tlm_Bil21_Eu";"25/09/2026 15:15:29";-0,1;1;46290635750,5671
"Tlm_Dos8_Eu";"25/09/2026 15:15:29";3945,7;1;46290635750,5671
"HMI<->PLC_Real{0}";"25/09/2026 15:15:29";1247;1;46290635750,5671
"Tlm_Bil21_Eu";"25/09/2026 15:15:30";3,4;1;46290635762,1991
"Tlm_Dos8_Eu";"25/09/2026 15:15:30";3923,8;1;46290635762,1991
"HMI<->PLC_Real{0}";"25/09/2026 15:15:30";1247;1;46290635762,1991
"Tlm_Bil21_Eu";"25/09/2026 15:15:31";70,9;1;46290635773,8079
"Tlm_Dos8_Eu";"25/09/2026 15:15:31";3857,2;1;46290635773,8079
"HMI<->PLC_Real{0}";"25/09/2026 15:15:31";1247;1;46290635773,8079
"Tlm_Bil21_Eu";"25/09/2026 15:15:32";150,7;1;46290635785,4745
"Tlm_Dos8_Eu";"25/09/2026 15:15:32";3670,5;1;46290635785,4745
"HMI<->PLC_Real{0}";"25/09/2026 15:15:32";1247;1;46290635785,4745
"Tlm_Bil21_Eu";"25/09/2026 15:15:33";231,5;1;46290635797,1065
"Tlm_Dos8_Eu";"25/09/2026 15:15:33";3701,2;1;46290635797,1065
"HMI<->PLC_Real{0}";"25/09/2026 15:15:33";1247;1;46290635797,1065
"Tlm_Bil21_Eu";"25/09/2026 15:15:34";299,7;1;46290635808,7384
"Tlm_Dos8_Eu";"25/09/2026 15:15:34";3575,7;1;46290635808,7384
"HMI<->PLC_Real{0}";"25/09/2026 15:15:34";1247;1;46290635808,7384
"Tlm_Bil21_Eu";"25/09/2026 15:15:35";390,6;1;46290635820,3935
"Tlm_Dos8_Eu";"25/09/2026 15:15:35";3466,4;1;46290635820,3935
"HMI<->PLC_Real{0}";"25/09/2026 15:15:35";1247;1;46290635820,3935
"Tlm_Bil21_Eu";"25/09/2026 15:15:36";483;1;46290635832,037
"Tlm_Dos8_Eu";"25/09/2026 15:15:36";3372,6;1;46290635832,037
"HMI<->PLC_Real{0}";"25/09/2026 15:15:36";1247;1;46290635832,037
"Tlm_Bil21_Eu";"25/09/2026 15:15:37";603,4;1;46290635843,6574
"Tlm_Dos8_Eu";"25/09/2026 15:15:37";3215,4;1;46290635843,6574
"HMI<->PLC_Real{0}";"25/09/2026 15:15:37";1247;1;46290635843,6574
"Tlm_Bil21_Eu";"25/09/2026 15:15:38";684,5;1;46290635855,2894
"Tlm_Dos8_Eu";"25/09/2026 15:15:38";3149,1;1;46290635855,2894
"HMI<->PLC_Real{0}";"25/09/2026 15:15:38";1247;1;46290635855,2894
"Tlm_Bil21_Eu";"25/09/2026 15:15:39";759,4;1;46290635866,9213
"Tlm_Dos8_Eu";"25/09/2026 15:15:39";3120,1;1;46290635866,9213
"HMI<->PLC_Real{0}";"25/09/2026 15:15:39";1247;1;46290635866,9213
"Tlm_Bil21_Eu";"25/09/2026 15:15:40";797,2;1;46290635878,5764
"Tlm_Dos8_Eu";"25/09/2026 15:15:40";3080,5;1;46290635878,5764
"HMI<->PLC_Real{0}";"25/09/2026 15:15:40";1247;1;46290635878,5764
"Tlm_Bil21_Eu";"25/09/2026 15:15:41";827,5;1;46290635890,1968
"Tlm_Dos8_Eu";"25/09/2026 15:15:41";3010,5;1;46290635890,1968
"HMI<->PLC_Real{0}";"25/09/2026 15:15:41";1247;1;46290635890,1968
"Tlm_Bil21_Eu";"25/09/2026 15:15:42";862,1;1;46290635901,8403
"Tlm_Dos8_Eu";"25/09/2026 15:15:42";3002,5;1;46290635901,8403
"HMI<->PLC_Real{0}";"25/09/2026 15:15:42";1247;1;46290635901,8403
"Tlm_Bil21_Eu";"25/09/2026 15:15:43";894,4;1;46290635913,4607
"Tlm_Dos8_Eu";"25/09/2026 15:15:43";2992,4;1;46290635913,4607
"HMI<->PLC_Real{0}";"25/09/2026 15:15:43";1247;1;46290635913,4607
"Tlm_Bil21_Eu";"25/09/2026 15:15:44";925,9;1;46290635925,1042
"Tlm_Dos8_Eu";"25/09/2026 15:15:44";2928,6;1;46290635925,1042
"HMI<->PLC_Real{0}";"25/09/2026 15:15:44";1247;1;46290635925,1042
"Tlm_Bil21_Eu";"25/09/2026 15:15:45";983,3;1;46290635936,7361
"Tlm_Dos8_Eu";"25/09/2026 15:15:45";2793,2;1;46290635936,7361
"HMI<->PLC_Real{0}";"25/09/2026 15:15:45";1247;1;46290635936,7361
"Tlm_Bil21_Eu";"25/09/2026 15:15:46";1029,1;1;46290635948,3565
"Tlm_Dos8_Eu";"25/09/2026 15:15:46";2812,2;1;46290635948,3565
"HMI<->PLC_Real{0}";"25/09/2026 15:15:46";1247;1;46290635948,3565
"Tlm_Bil21_Eu";"25/09/2026 15:15:47";1071,6;1;46290635960
"Tlm_Dos8_Eu";"25/09/2026 15:15:47";2835,6;1;46290635960
"HMI<->PLC_Real{0}";"25/09/2026 15:15:47";1247;1;46290635960
"Tlm_Bil21_Eu";"25/09/2026 15:15:48";1109;1;46290635971,6204
"Tlm_Dos8_Eu";"25/09/2026 15:15:48";2764,4;1;46290635971,6204
"HMI<->PLC_Real{0}";"25/09/2026 15:15:48";1247;1;46290635971,6204
"Tlm_Bil21_Eu";"25/09/2026 15:15:49";1128,4;1;46290635983,2755
"Tlm_Dos8_Eu";"25/09/2026 15:15:49";2744,4;1;46290635983,2755
"HMI<->PLC_Real{0}";"25/09/2026 15:15:49";1247;1;46290635983,2755
"Tlm_Bil21_Eu";"25/09/2026 15:15:50";1162,3;1;46290635994,8727
"Tlm_Dos8_Eu";"25/09/2026 15:15:50";2712,8;1;46290635994,8727
"HMI<->PLC_Real{0}";"25/09/2026 15:15:50";1247;1;46290635994,8727
"Tlm_Bil21_Eu";"25/09/2026 15:15:51";1165,8;1;46290636006,5046
"Tlm_Dos8_Eu";"25/09/2026 15:15:51";2703,6;1;46290636006,5046
"HMI<->PLC_Real{0}";"25/09/2026 15:15:51";1247;1;46290636006,5046
"Tlm_Bil21_Eu";"25/09/2026 15:15:52";1175,9;1;46290636018,125
"Tlm_Dos8_Eu";"25/09/2026 15:15:52";2695,6;1;46290636018,125
"HMI<->PLC_Real{0}";"25/09/2026 15:15:52";1247;1;46290636018,125
"Tlm_Bil21_Eu";"25/09/2026 15:15:53";1221,4;1;46290636029,7801
"Tlm_Dos8_Eu";"25/09/2026 15:15:53";2647,2;1;46290636029,7801
"HMI<->PLC_Real{0}";"25/09/2026 15:15:53";1247;1;46290636029,7801
"Tlm_Bil21_Eu";"25/09/2026 15:15:54";1232,4;1;46290636041,412
"Tlm_Dos8_Eu";"25/09/2026 15:15:54";2640,7;1;46290636041,412
"HMI<->PLC_Real{0}";"25/09/2026 15:15:54";1247;1;46290636041,412
"Tlm_Bil21_Eu";"25/09/2026 15:15:55";1234;1;46290636053,044
"Tlm_Dos8_Eu";"25/09/2026 15:15:55";2636,4;1;46290636053,044
"HMI<->PLC_Real{0}";"25/09/2026 15:15:55";1247;1;46290636053,044
"Tlm_Bil21_Eu";"25/09/2026 15:15:56";1236,3;1;46290636064,6875
"Tlm_Dos8_Eu";"25/09/2026 15:15:56";2634,5;1;46290636064,6875
"HMI<->PLC_Real{0}";"25/09/2026 15:15:56";1247;1;46290636064,6875
"Tlm_Bil21_Eu";"25/09/2026 15:15:57";1237,3;1;46290636076,2731
"Tlm_Dos8_Eu";"25/09/2026 15:15:57";2635,1;1;46290636076,2731
"HMI<->PLC_Real{0}";"25/09/2026 15:15:57";1247;1;46290636076,2731
"Tlm_Bil21_Eu";"25/09/2026 15:15:58";1242,9;1;46290636087,882
"Tlm_Dos8_Eu";"25/09/2026 15:15:58";2608,5;1;46290636087,882
"HMI<->PLC_Real{0}";"25/09/2026 15:15:58";1247;1;46290636087,882
"Tlm_Bil21_Eu";"25/09/2026 15:15:59";1255,2;1;46290636099,5139
"Tlm_Dos8_Eu";"25/09/2026 15:15:59";2621,5;1;46290636099,5139
"HMI<->PLC_Real{0}";"25/09/2026 15:15:59";1247;1;46290636099,5139
"Bil21_Wrk_DosaggioInCorso";"25/09/2026 15:16:00";0;1;46290636110,6366
"Tlm_Bil21_Eu";"25/09/2026 15:16:26";-0,1;1;46290636413,1829
"Tlm_Dos8_Eu";"25/09/2026 15:16:26";2613,6;1;46290636413,1829
"HMI<->PLC_Real{0}";"25/09/2026 15:16:26";1247;1;46290636413,1829
"Tlm_Bil21_Eu";"25/09/2026 15:16:27";28,9;1;46290636424,7917
"Tlm_Dos8_Eu";"25/09/2026 15:16:27";2515,4;1;46290636424,7917
"HMI<->PLC_Real{0}";"25/09/2026 15:16:27";1247;1;46290636424,7917
"Tlm_Bil21_Eu";"25/09/2026 15:16:28";112,4;1;46290636436,4005
"Tlm_Dos8_Eu";"25/09/2026 15:16:28";2409;1;46290636436,4005
"HMI<->PLC_Real{0}";"25/09/2026 15:16:28";1247;1;46290636436,4005
"Tlm_Bil21_Eu";"25/09/2026 15:16:29";229;1;46290636448,0208
"Tlm_Dos8_Eu";"25/09/2026 15:16:29";2372,7;1;46290636448,0208
"HMI<->PLC_Real{0}";"25/09/2026 15:16:29";1247;1;46290636448,0208
"Tlm_Bil21_Eu";"25/09/2026 15:16:30";316,8;1;46290636459,6412
"Tlm_Dos8_Eu";"25/09/2026 15:16:30";2253,5;1;46290636459,6412
"HMI<->PLC_Real{0}";"25/09/2026 15:16:30";1247;1;46290636459,6412
"Tlm_Bil21_Eu";"25/09/2026 15:16:31";373,4;1;46290636471,2731
"Tlm_Dos8_Eu";"25/09/2026 15:16:31";2130,2;1;46290636471,2731
"HMI<->PLC_Real{0}";"25/09/2026 15:16:31";1247;1;46290636471,2731
"Tlm_Bil21_Eu";"25/09/2026 15:16:32";499,7;1;46290636482,9167
"Tlm_Dos8_Eu";"25/09/2026 15:16:32";2103,2;1;46290636482,9167
"HMI<->PLC_Real{0}";"25/09/2026 15:16:32";1247;1;46290636482,9167
"Tlm_Bil21_Eu";"25/09/2026 15:16:33";591,9;1;46290636494,5602
"Tlm_Dos8_Eu";"25/09/2026 15:16:33";2075,9;1;46290636494,5602
"HMI<->PLC_Real{0}";"25/09/2026 15:16:33";1247;1;46290636494,5602
"Tlm_Bil21_Eu";"25/09/2026 15:16:34";702,2;1;46290636506,1806
"Tlm_Dos8_Eu";"25/09/2026 15:16:34";1877,1;1;46290636506,1806
"HMI<->PLC_Real{0}";"25/09/2026 15:16:34";1247;1;46290636506,1806
"Tlm_Bil21_Eu";"25/09/2026 15:16:35";783,6;1;46290636517,8009
"Tlm_Dos8_Eu";"25/09/2026 15:16:35";1925,2;1;46290636517,8009
"HMI<->PLC_Real{0}";"25/09/2026 15:16:35";1247;1;46290636517,8009
"Tlm_Bil21_Eu";"25/09/2026 15:16:36";837,5;1;46290636529,4213
"Tlm_Dos8_Eu";"25/09/2026 15:16:36";1777,5;1;46290636529,4213
"HMI<->PLC_Real{0}";"25/09/2026 15:16:36";1247;1;46290636529,4213
"Tlm_Bil21_Eu";"25/09/2026 15:16:37";873,4;1;46290636541,0301
"Tlm_Dos8_Eu";"25/09/2026 15:16:37";1712,8;1;46290636541,0301
"HMI<->PLC_Real{0}";"25/09/2026 15:16:37";1247;1;46290636541,0301
"Tlm_Bil21_Eu";"25/09/2026 15:16:38";910,8;1;46290636552,6505
"Tlm_Dos8_Eu";"25/09/2026 15:16:38";1601,3;1;46290636552,6505
"HMI<->PLC_Real{0}";"25/09/2026 15:16:38";1247;1;46290636552,6505
"Tlm_Bil21_Eu";"25/09/2026 15:16:39";934,8;1;46290636564,2477
"Tlm_Dos8_Eu";"25/09/2026 15:16:39";1630,3;1;46290636564,2477
"HMI<->PLC_Real{0}";"25/09/2026 15:16:39";1247;1;46290636564,2477
"Tlm_Bil21_Eu";"25/09/2026 15:16:40";959,1;1;46290636575,8796
"Tlm_Dos8_Eu";"25/09/2026 15:16:40";1555,5;1;46290636575,8796
"HMI<->PLC_Real{0}";"25/09/2026 15:16:40";1247;1;46290636575,8796
"Tlm_Bil21_Eu";"25/09/2026 15:16:41";975,5;1;46290636587,4884
"Tlm_Dos8_Eu";"25/09/2026 15:16:41";1436,4;1;46290636587,4884
"HMI<->PLC_Real{0}";"25/09/2026 15:16:41";1247;1;46290636587,4884
"Tlm_Bil21_Eu";"25/09/2026 15:16:42";999,8;1;46290636599,1204
"Tlm_Dos8_Eu";"25/09/2026 15:16:42";1388,8;1;46290636599,1204
"HMI<->PLC_Real{0}";"25/09/2026 15:16:42";1247;1;46290636599,1204
"Tlm_Bil21_Eu";"25/09/2026 15:16:43";1025,6;1;46290636610,7523
"Tlm_Dos8_Eu";"25/09/2026 15:16:43";1669,3;1;46290636610,7523
"HMI<->PLC_Real{0}";"25/09/2026 15:16:43";1247;1;46290636610,7523
"Tlm_Bil21_Eu";"25/09/2026 15:16:44";1043,4;1;46290636622,3843
"Tlm_Dos8_Eu";"25/09/2026 15:16:44";1519,6;1;46290636622,3843
"HMI<->PLC_Real{0}";"25/09/2026 15:16:44";1247;1;46290636622,3843
"Tlm_Bil21_Eu";"25/09/2026 15:16:45";1067;1;46290636634,0046
"Tlm_Dos8_Eu";"25/09/2026 15:16:45";1517,6;1;46290636634,0046
"HMI<->PLC_Real{0}";"25/09/2026 15:16:45";1247;1;46290636634,0046
"Tlm_Bil21_Eu";"25/09/2026 15:16:46";1096,3;1;46290636645,6134
"Tlm_Dos8_Eu";"25/09/2026 15:16:46";1480,5;1;46290636645,6134
"HMI<->PLC_Real{0}";"25/09/2026 15:16:46";1247;1;46290636645,6134
"Tlm_Bil21_Eu";"25/09/2026 15:16:47";1142,9;1;46290636657,2338
"Tlm_Dos8_Eu";"25/09/2026 15:16:47";1432,2;1;46290636657,2338
"HMI<->PLC_Real{0}";"25/09/2026 15:16:47";1247;1;46290636657,2338
"Tlm_Bil21_Eu";"25/09/2026 15:16:48";1160,5;1;46290636668,8773
"Tlm_Dos8_Eu";"25/09/2026 15:16:48";1410,5;1;46290636668,8773
"HMI<->PLC_Real{0}";"25/09/2026 15:16:48";1247;1;46290636668,8773
"Tlm_Bil21_Eu";"25/09/2026 15:16:49";1180;1;46290636680,5093
"Tlm_Dos8_Eu";"25/09/2026 15:16:49";1384,7;1;46290636680,5093
"HMI<->PLC_Real{0}";"25/09/2026 15:16:49";1247;1;46290636680,5093
"Tlm_Bil21_Eu";"25/09/2026 15:16:50";1252,9;1;46290636692,1296
"Tlm_Dos8_Eu";"25/09/2026 15:16:50";1300,5;1;46290636692,1296
"HMI<->PLC_Real{0}";"25/09/2026 15:16:50";1247;1;46290636692,1296
"Tlm_Bil21_Eu";"25/09/2026 15:16:51";1250,8;1;46290636703,7384
"Tlm_Dos8_Eu";"25/09/2026 15:16:51";1326,3;1;46290636703,7384
"HMI<->PLC_Real{0}";"25/09/2026 15:16:51";1247;1;46290636703,7384
"Bil21_Wrk_DosaggioInCorso";"25/09/2026 15:16:52";0;1;46290636712,6389
"Tlm_Bil21_Eu";"25/09/2026 15:17:18";0,1;1;46290637017,6505
"Tlm_Dos8_Eu";"25/09/2026 15:17:18";1328,9;1;46290637017,6505
"HMI<->PLC_Real{0}";"25/09/2026 15:17:18";1247;1;46290637017,6505
"Tlm_Bil21_Eu";"25/09/2026 15:17:19";17,4;1;46290637029,2708
"Tlm_Dos8_Eu";"25/09/2026 15:17:19";1288,3;1;46290637029,2708
"HMI<->PLC_Real{0}";"25/09/2026 15:17:19";1247;1;46290637029,2708
"Tlm_Bil21_Eu";"25/09/2026 15:17:20";121,7;1;46290637040,9028
"Tlm_Dos8_Eu";"25/09/2026 15:17:20";1010,9;1;46290637040,9028
"HMI<->PLC_Real{0}";"25/09/2026 15:17:20";1247;1;46290637040,9028
"Tlm_Bil21_Eu";"25/09/2026 15:17:21";190,5;1;46290637052,5116
"Tlm_Dos8_Eu";"25/09/2026 15:17:21";977,4;1;46290637052,5116
"HMI<->PLC_Real{0}";"25/09/2026 15:17:21";1247;1;46290637052,5116
"Tlm_Bil21_Eu";"25/09/2026 15:17:22";293,2;1;46290637064,1435
"Tlm_Dos8_Eu";"25/09/2026 15:17:22";825,6;1;46290637064,1435
"HMI<->PLC_Real{0}";"25/09/2026 15:17:22";1247;1;46290637064,1435
"Tlm_Bil21_Eu";"25/09/2026 15:17:23";381,8;1;46290637075,7986
"Tlm_Dos8_Eu";"25/09/2026 15:17:23";877,5;1;46290637075,7986
"HMI<->PLC_Real{0}";"25/09/2026 15:17:23";1247;1;46290637075,7986
"Tlm_Bil21_Eu";"25/09/2026 15:17:24";468,3;1;46290637087,3958
"Tlm_Dos8_Eu";"25/09/2026 15:17:24";736,8;1;46290637087,3958
"HMI<->PLC_Real{0}";"25/09/2026 15:17:24";1247;1;46290637087,3958
"Tlm_Bil21_Eu";"25/09/2026 15:17:25";562,8;1;46290637099,0278
"Tlm_Dos8_Eu";"25/09/2026 15:17:25";745;1;46290637099,0278
"HMI<->PLC_Real{0}";"25/09/2026 15:17:25";1247;1;46290637099,0278
"Tlm_Bil21_Eu";"25/09/2026 15:17:26";642,4;1;46290637110,6713
"Tlm_Dos8_Eu";"25/09/2026 15:17:26";467,5;1;46290637110,6713
"HMI<->PLC_Real{0}";"25/09/2026 15:17:26";1247;1;46290637110,6713
"Tlm_Bil21_Eu";"25/09/2026 15:17:27";732,3;1;46290637122,3032
"Tlm_Dos8_Eu";"25/09/2026 15:17:27";483,4;1;46290637122,3032
"HMI<->PLC_Real{0}";"25/09/2026 15:17:27";1247;1;46290637122,3032
"Tlm_Bil21_Eu";"25/09/2026 15:17:28";803,2;1;46290637133,9236
"Tlm_Dos8_Eu";"25/09/2026 15:17:28";556,5;1;46290637133,9236
"HMI<->PLC_Real{0}";"25/09/2026 15:17:28";1247;1;46290637133,9236
"Tlm_Bil21_Eu";"25/09/2026 15:17:29";852,4;1;46290637145,5556
"Tlm_Dos8_Eu";"25/09/2026 15:17:29";339,1;1;46290637145,5556
"HMI<->PLC_Real{0}";"25/09/2026 15:17:29";1247;1;46290637145,5556
"Tlm_Bil21_Eu";"25/09/2026 15:17:30";882,4;1;46290637157,1759
"Tlm_Dos8_Eu";"25/09/2026 15:17:30";338,7;1;46290637157,1759
"HMI<->PLC_Real{0}";"25/09/2026 15:17:30";1247;1;46290637157,1759
"Tlm_Bil21_Eu";"25/09/2026 15:17:31";905,8;1;46290637168,7731
"Tlm_Dos8_Eu";"25/09/2026 15:17:31";326;1;46290637168,7731
"HMI<->PLC_Real{0}";"25/09/2026 15:17:31";1247;1;46290637168,7731
"Tlm_Bil21_Eu";"25/09/2026 15:17:32";949,4;1;46290637180,4167
"Tlm_Dos8_Eu";"25/09/2026 15:17:32";368,6;1;46290637180,4167
"HMI<->PLC_Real{0}";"25/09/2026 15:17:32";1247;1;46290637180,4167
"Tlm_Bil21_Eu";"25/09/2026 15:17:33";975,5;1;46290637191,9907
"Tlm_Dos8_Eu";"25/09/2026 15:17:33";20,1;1;46290637191,9907
"HMI<->PLC_Real{0}";"25/09/2026 15:17:33";1247;1;46290637191,9907
"Tlm_Bil21_Eu";"25/09/2026 15:17:34";1002,4;1;46290637203,6111
"Tlm_Dos8_Eu";"25/09/2026 15:17:34";155,3;1;46290637203,6111
"HMI<->PLC_Real{0}";"25/09/2026 15:17:34";1247;1;46290637203,6111
"Tlm_Bil21_Eu";"25/09/2026 15:17:35";1031;1;46290637215,2315
"Tlm_Dos8_Eu";"25/09/2026 15:17:35";150,9;1;46290637215,2315
"HMI<->PLC_Real{0}";"25/09/2026 15:17:35";1247;1;46290637215,2315
"Tlm_Bil21_Eu";"25/09/2026 15:17:36";1045,7;1;46290637226,8518
"Tlm_Dos8_Eu";"25/09/2026 15:17:36";190,4;1;46290637226,8518
"HMI<->PLC_Real{0}";"25/09/2026 15:17:36";1247;1;46290637226,8518
"Tlm_Bil21_Eu";"25/09/2026 15:17:37";1060,8;1;46290637238,4722
"Tlm_Dos8_Eu";"25/09/2026 15:17:37";203,1;1;46290637238,4722
"HMI<->PLC_Real{0}";"25/09/2026 15:17:37";1247;1;46290637238,4722
"Tlm_Bil21_Eu";"25/09/2026 15:17:38";1075,8;1;46290637250,1157
"Tlm_Dos8_Eu";"25/09/2026 15:17:38";185,7;1;46290637250,1157
"HMI<->PLC_Real{0}";"25/09/2026 15:17:38";1247;1;46290637250,1157
"Tlm_Bil21_Eu";"25/09/2026 15:17:39";1094,3;1;46290637261,7361
"Tlm_Dos8_Eu";"25/09/2026 15:17:39";165,5;1;46290637261,7361
"HMI<->PLC_Real{0}";"25/09/2026 15:17:39";1247;1;46290637261,7361
"Tlm_Bil21_Eu";"25/09/2026 15:17:40";1112;1;46290637273,3681
"Tlm_Dos8_Eu";"25/09/2026 15:17:40";146,2;1;46290637273,3681
"HMI<->PLC_Real{0}";"25/09/2026 15:17:40";1247;1;46290637273,3681
"Tlm_Bil21_Eu";"25/09/2026 15:17:41";1121,4;1;46290637284,9884
"Tlm_Dos8_Eu";"25/09/2026 15:17:41";138,9;1;46290637284,9884
"HMI<->PLC_Real{0}";"25/09/2026 15:17:41";1247;1;46290637284,9884
"Tlm_Bil21_Eu";"25/09/2026 15:17:42";1133,6;1;46290637296,632
"Tlm_Dos8_Eu";"25/09/2026 15:17:42";125,5;1;46290637296,632
"HMI<->PLC_Real{0}";"25/09/2026 15:17:42";1247;1;46290637296,632
"Tlm_Bil21_Eu";"25/09/2026 15:17:43";1146,7;1;46290637308,2407
"Tlm_Dos8_Eu";"25/09/2026 15:17:43";110,7;1;46290637308,2407
"HMI<->PLC_Real{0}";"25/09/2026 15:17:43";1247;1;46290637308,2407
"Tlm_Bil21_Eu";"25/09/2026 15:17:44";1159,1;1;46290637319,8727
"Tlm_Dos8_Eu";"25/09/2026 15:17:44";91,6;1;46290637319,8727
"HMI<->PLC_Real{0}";"25/09/2026 15:17:44";1247;1;46290637319,8727
"Tlm_Bil21_Eu";"25/09/2026 15:17:45";1168,6;1;46290637331,4931
"Tlm_Dos8_Eu";"25/09/2026 15:17:45";85,3;1;46290637331,4931
"HMI<->PLC_Real{0}";"25/09/2026 15:17:45";1247;1;46290637331,4931
"Tlm_Bil21_Eu";"25/09/2026 15:17:46";1173,2;1;46290637343,1366
"Tlm_Dos8_Eu";"25/09/2026 15:17:46";77,7;1;46290637343,1366
"HMI<->PLC_Real{0}";"25/09/2026 15:17:46";1247;1;46290637343,1366
"Tlm_Bil21_Eu";"25/09/2026 15:17:47";1178,5;1;46290637354,7569
"Tlm_Dos8_Eu";"25/09/2026 15:17:47";73,7;1;46290637354,7569
"HMI<->PLC_Real{0}";"25/09/2026 15:17:47";1247;1;46290637354,7569
"Tlm_Bil21_Eu";"25/09/2026 15:17:48";1191,6;1;46290637366,3889
"Tlm_Dos8_Eu";"25/09/2026 15:17:48";61;1;46290637366,3889
"HMI<->PLC_Real{0}";"25/09/2026 15:17:48";1247;1;46290637366,3889
"Tlm_Bil21_Eu";"25/09/2026 15:17:49";1193,7;1;46290637378,0208
"Tlm_Dos8_Eu";"25/09/2026 15:17:49";58,2;1;46290637378,0208
"HMI<->PLC_Real{0}";"25/09/2026 15:17:49";1247;1;46290637378,0208
"Tlm_Bil21_Eu";"25/09/2026 15:17:50";1200,8;1;46290637389,6528
"Tlm_Dos8_Eu";"25/09/2026 15:17:50";49,5;1;46290637389,6528
"HMI<->PLC_Real{0}";"25/09/2026 15:17:50";1247;1;46290637389,6528
"Tlm_Bil21_Eu";"25/09/2026 15:17:51";1207,5;1;46290637401,2616
"Tlm_Dos8_Eu";"25/09/2026 15:17:51";40,9;1;46290637401,2616
"HMI<->PLC_Real{0}";"25/09/2026 15:17:51";1247;1;46290637401,2616
"Tlm_Bil21_Eu";"25/09/2026 15:17:52";1214,6;1;46290637412,8935
"Tlm_Dos8_Eu";"25/09/2026 15:17:52";33,4;1;46290637412,8935
"HMI<->PLC_Real{0}";"25/09/2026 15:17:52";1247;1;46290637412,8935
"Tlm_Bil21_Eu";"25/09/2026 15:17:53";1219,2;1;46290637424,5255
"Tlm_Dos8_Eu";"25/09/2026 15:17:53";29,1;1;46290637424,5255
"HMI<->PLC_Real{0}";"25/09/2026 15:17:53";1247;1;46290637424,5255
"Tlm_Bil21_Eu";"25/09/2026 15:17:54";1222;1;46290637436,1458
"Tlm_Dos8_Eu";"25/09/2026 15:17:54";23,9;1;46290637436,1458
"HMI<->PLC_Real{0}";"25/09/2026 15:17:54";1247;1;46290637436,1458
"Tlm_Bil21_Eu";"25/09/2026 15:17:55";1228,8;1;46290637447,8125
"Tlm_Dos8_Eu";"25/09/2026 15:17:55";16,6;1;46290637447,8125
"HMI<->PLC_Real{0}";"25/09/2026 15:17:55";1247;1;46290637447,8125
"Tlm_Bil21_Eu";"25/09/2026 15:17:56";1234,7;1;46290637459,4676
"Tlm_Dos8_Eu";"25/09/2026 15:17:56";8,9;1;46290637459,4676
"HMI<->PLC_Real{0}";"25/09/2026 15:17:56";1247;1;46290637459,4676
"Tlm_Bil21_Eu";"25/09/2026 15:17:58";1243,7;1;46290637471,0995
"Tlm_Dos8_Eu";"25/09/2026 15:17:58";-2,9;1;46290637471,0995
"HMI<->PLC_Real{0}";"25/09/2026 15:17:58";1247;1;46290637471,0995
"Tlm_Bil21_Eu";"25/09/2026 15:17:59";1245;1;46290637482,7431
"Tlm_Dos8_Eu";"25/09/2026 15:17:59";3;1;46290637482,7431
"HMI<->PLC_Real{0}";"25/09/2026 15:17:59";1247;1;46290637482,7431
"Bil21_Wrk_DosaggioInCorso";"25/09/2026 15:17:59";0;1;46290637488,125
